id,intent,question,answer,source_ids,requires_handoff,suggested_action
qa_0001,product_price,Laptop NovaBook Air 14 giá bao nhiêu?,Laptop NovaBook Air 14 hiện có giá niêm yết 14.990.000 VND. Giá thực tế có thể thay đổi nếu áp dụng voucher hoặc chương trình khuyến mãi.,TC-LT-001,False,answer
qa_0002,product_price,Cho mình hỏi giá Laptop NovaBook Air 14 với,Laptop NovaBook Air 14 hiện có giá niêm yết 14.990.000 VND. Giá thực tế có thể thay đổi nếu áp dụng voucher hoặc chương trình khuyến mãi.,TC-LT-001,False,answer
qa_0003,product_price,Laptop NovaBook Air 14 hiện đang bán giá nào?,Laptop NovaBook Air 14 hiện có giá niêm yết 14.990.000 VND. Giá thực tế có thể thay đổi nếu áp dụng voucher hoặc chương trình khuyến mãi.,TC-LT-001,False,answer
qa_0004,product_price,Sản phẩm Laptop NovaBook Air 14 bao nhiêu tiền?,Laptop NovaBook Air 14 hiện có giá niêm yết 14.990.000 VND. Giá thực tế có thể thay đổi nếu áp dụng voucher hoặc chương trình khuyến mãi.,TC-LT-001,False,answer
qa_0005,product_price,Báo giá giúp mình Laptop NovaBook Air 14,Laptop NovaBook Air 14 hiện có giá niêm yết 14.990.000 VND. Giá thực tế có thể thay đổi nếu áp dụng voucher hoặc chương trình khuyến mãi.,TC-LT-001,False,answer
qa_0006,product_info,Laptop NovaBook Air 14 cấu hình thế nào?,"Laptop NovaBook Air 14 có thông tin chính: Intel Core i5 thế hệ 13, RAM 16GB, SSD 512GB, màn hình 14 inch Full HD, pin 7-9 giờ. Sản phẩm phù hợp với nhu cầu sinh viên, nhân viên văn phòng, học online, Word, Excel, PowerPoint, lập trình cơ bản và thiết kế nhẹ.",TC-LT-001,False,answer
qa_0007,product_info,Thông số chính của Laptop NovaBook Air 14 là gì?,"Laptop NovaBook Air 14 có thông tin chính: Intel Core i5 thế hệ 13, RAM 16GB, SSD 512GB, màn hình 14 inch Full HD, pin 7-9 giờ. Sản phẩm phù hợp với nhu cầu sinh viên, nhân viên văn phòng, học online, Word, Excel, PowerPoint, lập trình cơ bản và thiết kế nhẹ.",TC-LT-001,False,answer
qa_0008,product_info,Laptop NovaBook Air 14 có điểm gì nổi bật?,"Laptop NovaBook Air 14 có thông tin chính: Intel Core i5 thế hệ 13, RAM 16GB, SSD 512GB, màn hình 14 inch Full HD, pin 7-9 giờ. Sản phẩm phù hợp với nhu cầu sinh viên, nhân viên văn phòng, học online, Word, Excel, PowerPoint, lập trình cơ bản và thiết kế nhẹ.",TC-LT-001,False,answer
qa_0009,product_info,Mô tả nhanh giúp mình Laptop NovaBook Air 14,"Laptop NovaBook Air 14 có thông tin chính: Intel Core i5 thế hệ 13, RAM 16GB, SSD 512GB, màn hình 14 inch Full HD, pin 7-9 giờ. Sản phẩm phù hợp với nhu cầu sinh viên, nhân viên văn phòng, học online, Word, Excel, PowerPoint, lập trình cơ bản và thiết kế nhẹ.",TC-LT-001,False,answer
qa_0010,product_info,Laptop NovaBook Air 14 phù hợp với nhu cầu nào?,"Laptop NovaBook Air 14 có thông tin chính: Intel Core i5 thế hệ 13, RAM 16GB, SSD 512GB, màn hình 14 inch Full HD, pin 7-9 giờ. Sản phẩm phù hợp với nhu cầu sinh viên, nhân viên văn phòng, học online, Word, Excel, PowerPoint, lập trình cơ bản và thiết kế nhẹ.",TC-LT-001,False,answer
qa_0011,product_warranty,Laptop NovaBook Air 14 bảo hành bao lâu?,"Laptop NovaBook Air 14 được bảo hành 24 tháng. Nếu cần bảo hành, bạn vui lòng cung cấp mã đơn hàng, số điện thoại mua hàng, mô tả lỗi và hình ảnh/video nếu có.","TC-LT-001, policy_warranty",False,answer
qa_0012,product_warranty,Thời gian bảo hành của Laptop NovaBook Air 14 là mấy tháng?,"Laptop NovaBook Air 14 được bảo hành 24 tháng. Nếu cần bảo hành, bạn vui lòng cung cấp mã đơn hàng, số điện thoại mua hàng, mô tả lỗi và hình ảnh/video nếu có.","TC-LT-001, policy_warranty",False,answer
qa_0013,product_warranty,Mua Laptop NovaBook Air 14 thì được bảo hành như thế nào?,"Laptop NovaBook Air 14 được bảo hành 24 tháng. Nếu cần bảo hành, bạn vui lòng cung cấp mã đơn hàng, số điện thoại mua hàng, mô tả lỗi và hình ảnh/video nếu có.","TC-LT-001, policy_warranty",False,answer
qa_0014,product_price,Laptop GamePro 15 giá bao nhiêu?,Laptop GamePro 15 hiện có giá niêm yết 24.990.000 VND. Giá thực tế có thể thay đổi nếu áp dụng voucher hoặc chương trình khuyến mãi.,TC-LT-002,False,answer
qa_0015,product_price,Cho mình hỏi giá Laptop GamePro 15 với,Laptop GamePro 15 hiện có giá niêm yết 24.990.000 VND. Giá thực tế có thể thay đổi nếu áp dụng voucher hoặc chương trình khuyến mãi.,TC-LT-002,False,answer
qa_0016,product_price,Laptop GamePro 15 hiện đang bán giá nào?,Laptop GamePro 15 hiện có giá niêm yết 24.990.000 VND. Giá thực tế có thể thay đổi nếu áp dụng voucher hoặc chương trình khuyến mãi.,TC-LT-002,False,answer
qa_0017,product_price,Sản phẩm Laptop GamePro 15 bao nhiêu tiền?,Laptop GamePro 15 hiện có giá niêm yết 24.990.000 VND. Giá thực tế có thể thay đổi nếu áp dụng voucher hoặc chương trình khuyến mãi.,TC-LT-002,False,answer
qa_0018,product_price,Báo giá giúp mình Laptop GamePro 15,Laptop GamePro 15 hiện có giá niêm yết 24.990.000 VND. Giá thực tế có thể thay đổi nếu áp dụng voucher hoặc chương trình khuyến mãi.,TC-LT-002,False,answer
qa_0019,product_info,Laptop GamePro 15 cấu hình thế nào?,"Laptop GamePro 15 có thông tin chính: AMD Ryzen 7, RAM 16GB, SSD 1TB, GPU RTX 4060, màn hình 15.6 inch 144Hz. Sản phẩm phù hợp với nhu cầu chơi game, đồ họa 2D/3D, render video và học ngành kỹ thuật.",TC-LT-002,False,answer
qa_0020,product_info,Thông số chính của Laptop GamePro 15 là gì?,"Laptop GamePro 15 có thông tin chính: AMD Ryzen 7, RAM 16GB, SSD 1TB, GPU RTX 4060, màn hình 15.6 inch 144Hz. Sản phẩm phù hợp với nhu cầu chơi game, đồ họa 2D/3D, render video và học ngành kỹ thuật.",TC-LT-002,False,answer
qa_0021,product_info,Laptop GamePro 15 có điểm gì nổi bật?,"Laptop GamePro 15 có thông tin chính: AMD Ryzen 7, RAM 16GB, SSD 1TB, GPU RTX 4060, màn hình 15.6 inch 144Hz. Sản phẩm phù hợp với nhu cầu chơi game, đồ họa 2D/3D, render video và học ngành kỹ thuật.",TC-LT-002,False,answer
qa_0022,product_info,Mô tả nhanh giúp mình Laptop GamePro 15,"Laptop GamePro 15 có thông tin chính: AMD Ryzen 7, RAM 16GB, SSD 1TB, GPU RTX 4060, màn hình 15.6 inch 144Hz. Sản phẩm phù hợp với nhu cầu chơi game, đồ họa 2D/3D, render video và học ngành kỹ thuật.",TC-LT-002,False,answer
qa_0023,product_info,Laptop GamePro 15 phù hợp với nhu cầu nào?,"Laptop GamePro 15 có thông tin chính: AMD Ryzen 7, RAM 16GB, SSD 1TB, GPU RTX 4060, màn hình 15.6 inch 144Hz. Sản phẩm phù hợp với nhu cầu chơi game, đồ họa 2D/3D, render video và học ngành kỹ thuật.",TC-LT-002,False,answer
qa_0024,product_warranty,Laptop GamePro 15 bảo hành bao lâu?,"Laptop GamePro 15 được bảo hành 24 tháng. Nếu cần bảo hành, bạn vui lòng cung cấp mã đơn hàng, số điện thoại mua hàng, mô tả lỗi và hình ảnh/video nếu có.","TC-LT-002, policy_warranty",False,answer
qa_0025,product_warranty,Thời gian bảo hành của Laptop GamePro 15 là mấy tháng?,"Laptop GamePro 15 được bảo hành 24 tháng. Nếu cần bảo hành, bạn vui lòng cung cấp mã đơn hàng, số điện thoại mua hàng, mô tả lỗi và hình ảnh/video nếu có.","TC-LT-002, policy_warranty",False,answer
qa_0026,product_warranty,Mua Laptop GamePro 15 thì được bảo hành như thế nào?,"Laptop GamePro 15 được bảo hành 24 tháng. Nếu cần bảo hành, bạn vui lòng cung cấp mã đơn hàng, số điện thoại mua hàng, mô tả lỗi và hình ảnh/video nếu có.","TC-LT-002, policy_warranty",False,answer
qa_0027,product_price,Laptop EduBook 13 giá bao nhiêu?,Laptop EduBook 13 hiện có giá niêm yết 9.990.000 VND. Giá thực tế có thể thay đổi nếu áp dụng voucher hoặc chương trình khuyến mãi.,TC-LT-003,False,answer
qa_0028,product_price,Cho mình hỏi giá Laptop EduBook 13 với,Laptop EduBook 13 hiện có giá niêm yết 9.990.000 VND. Giá thực tế có thể thay đổi nếu áp dụng voucher hoặc chương trình khuyến mãi.,TC-LT-003,False,answer
qa_0029,product_price,Laptop EduBook 13 hiện đang bán giá nào?,Laptop EduBook 13 hiện có giá niêm yết 9.990.000 VND. Giá thực tế có thể thay đổi nếu áp dụng voucher hoặc chương trình khuyến mãi.,TC-LT-003,False,answer
qa_0030,product_price,Sản phẩm Laptop EduBook 13 bao nhiêu tiền?,Laptop EduBook 13 hiện có giá niêm yết 9.990.000 VND. Giá thực tế có thể thay đổi nếu áp dụng voucher hoặc chương trình khuyến mãi.,TC-LT-003,False,answer
qa_0031,product_price,Báo giá giúp mình Laptop EduBook 13,Laptop EduBook 13 hiện có giá niêm yết 9.990.000 VND. Giá thực tế có thể thay đổi nếu áp dụng voucher hoặc chương trình khuyến mãi.,TC-LT-003,False,answer
qa_0032,product_info,Laptop EduBook 13 cấu hình thế nào?,"Laptop EduBook 13 có thông tin chính: Intel Core i3, RAM 8GB, SSD 256GB, màn hình 13.3 inch Full HD, nặng 1.18kg. Sản phẩm phù hợp với nhu cầu học sinh, sinh viên cần máy gọn nhẹ để học online, làm bài tập, duyệt web, Word và Excel cơ bản.",TC-LT-003,False,answer
qa_0033,product_info,Thông số chính của Laptop EduBook 13 là gì?,"Laptop EduBook 13 có thông tin chính: Intel Core i3, RAM 8GB, SSD 256GB, màn hình 13.3 inch Full HD, nặng 1.18kg. Sản phẩm phù hợp với nhu cầu học sinh, sinh viên cần máy gọn nhẹ để học online, làm bài tập, duyệt web, Word và Excel cơ bản.",TC-LT-003,False,answer
qa_0034,product_info,Laptop EduBook 13 có điểm gì nổi bật?,"Laptop EduBook 13 có thông tin chính: Intel Core i3, RAM 8GB, SSD 256GB, màn hình 13.3 inch Full HD, nặng 1.18kg. Sản phẩm phù hợp với nhu cầu học sinh, sinh viên cần máy gọn nhẹ để học online, làm bài tập, duyệt web, Word và Excel cơ bản.",TC-LT-003,False,answer
qa_0035,product_info,Mô tả nhanh giúp mình Laptop EduBook 13,"Laptop EduBook 13 có thông tin chính: Intel Core i3, RAM 8GB, SSD 256GB, màn hình 13.3 inch Full HD, nặng 1.18kg. Sản phẩm phù hợp với nhu cầu học sinh, sinh viên cần máy gọn nhẹ để học online, làm bài tập, duyệt web, Word và Excel cơ bản.",TC-LT-003,False,answer
qa_0036,product_info,Laptop EduBook 13 phù hợp với nhu cầu nào?,"Laptop EduBook 13 có thông tin chính: Intel Core i3, RAM 8GB, SSD 256GB, màn hình 13.3 inch Full HD, nặng 1.18kg. Sản phẩm phù hợp với nhu cầu học sinh, sinh viên cần máy gọn nhẹ để học online, làm bài tập, duyệt web, Word và Excel cơ bản.",TC-LT-003,False,answer
qa_0037,product_warranty,Laptop EduBook 13 bảo hành bao lâu?,"Laptop EduBook 13 được bảo hành 18 tháng. Nếu cần bảo hành, bạn vui lòng cung cấp mã đơn hàng, số điện thoại mua hàng, mô tả lỗi và hình ảnh/video nếu có.","TC-LT-003, policy_warranty",False,answer
qa_0038,product_warranty,Thời gian bảo hành của Laptop EduBook 13 là mấy tháng?,"Laptop EduBook 13 được bảo hành 18 tháng. Nếu cần bảo hành, bạn vui lòng cung cấp mã đơn hàng, số điện thoại mua hàng, mô tả lỗi và hình ảnh/video nếu có.","TC-LT-003, policy_warranty",False,answer
qa_0039,product_warranty,Mua Laptop EduBook 13 thì được bảo hành như thế nào?,"Laptop EduBook 13 được bảo hành 18 tháng. Nếu cần bảo hành, bạn vui lòng cung cấp mã đơn hàng, số điện thoại mua hàng, mô tả lỗi và hình ảnh/video nếu có.","TC-LT-003, policy_warranty",False,answer
qa_0040,product_price,Điện thoại PixelOne A55 giá bao nhiêu?,Điện thoại PixelOne A55 hiện có giá niêm yết 7.990.000 VND. Giá thực tế có thể thay đổi nếu áp dụng voucher hoặc chương trình khuyến mãi.,TC-PH-004,False,answer
qa_0041,product_price,Cho mình hỏi giá Điện thoại PixelOne A55 với,Điện thoại PixelOne A55 hiện có giá niêm yết 7.990.000 VND. Giá thực tế có thể thay đổi nếu áp dụng voucher hoặc chương trình khuyến mãi.,TC-PH-004,False,answer
qa_0042,product_price,Điện thoại PixelOne A55 hiện đang bán giá nào?,Điện thoại PixelOne A55 hiện có giá niêm yết 7.990.000 VND. Giá thực tế có thể thay đổi nếu áp dụng voucher hoặc chương trình khuyến mãi.,TC-PH-004,False,answer
qa_0043,product_price,Sản phẩm Điện thoại PixelOne A55 bao nhiêu tiền?,Điện thoại PixelOne A55 hiện có giá niêm yết 7.990.000 VND. Giá thực tế có thể thay đổi nếu áp dụng voucher hoặc chương trình khuyến mãi.,TC-PH-004,False,answer
qa_0044,product_price,Báo giá giúp mình Điện thoại PixelOne A55,Điện thoại PixelOne A55 hiện có giá niêm yết 7.990.000 VND. Giá thực tế có thể thay đổi nếu áp dụng voucher hoặc chương trình khuyến mãi.,TC-PH-004,False,answer
qa_0045,product_info,Điện thoại PixelOne A55 cấu hình thế nào?,"Điện thoại PixelOne A55 có thông tin chính: màn hình AMOLED 6.5 inch 120Hz, RAM 8GB, bộ nhớ 128GB, camera 64MP, pin 5000mAh. Sản phẩm phù hợp với nhu cầu chụp ảnh, dùng mạng xã hội, xem phim và chơi game nhẹ.",TC-PH-004,False,answer
qa_0046,product_info,Thông số chính của Điện thoại PixelOne A55 là gì?,"Điện thoại PixelOne A55 có thông tin chính: màn hình AMOLED 6.5 inch 120Hz, RAM 8GB, bộ nhớ 128GB, camera 64MP, pin 5000mAh. Sản phẩm phù hợp với nhu cầu chụp ảnh, dùng mạng xã hội, xem phim và chơi game nhẹ.",TC-PH-004,False,answer
qa_0047,product_info,Điện thoại PixelOne A55 có điểm gì nổi bật?,"Điện thoại PixelOne A55 có thông tin chính: màn hình AMOLED 6.5 inch 120Hz, RAM 8GB, bộ nhớ 128GB, camera 64MP, pin 5000mAh. Sản phẩm phù hợp với nhu cầu chụp ảnh, dùng mạng xã hội, xem phim và chơi game nhẹ.",TC-PH-004,False,answer
qa_0048,product_info,Mô tả nhanh giúp mình Điện thoại PixelOne A55,"Điện thoại PixelOne A55 có thông tin chính: màn hình AMOLED 6.5 inch 120Hz, RAM 8GB, bộ nhớ 128GB, camera 64MP, pin 5000mAh. Sản phẩm phù hợp với nhu cầu chụp ảnh, dùng mạng xã hội, xem phim và chơi game nhẹ.",TC-PH-004,False,answer
qa_0049,product_info,Điện thoại PixelOne A55 phù hợp với nhu cầu nào?,"Điện thoại PixelOne A55 có thông tin chính: màn hình AMOLED 6.5 inch 120Hz, RAM 8GB, bộ nhớ 128GB, camera 64MP, pin 5000mAh. Sản phẩm phù hợp với nhu cầu chụp ảnh, dùng mạng xã hội, xem phim và chơi game nhẹ.",TC-PH-004,False,answer
qa_0050,product_warranty,Điện thoại PixelOne A55 bảo hành bao lâu?,"Điện thoại PixelOne A55 được bảo hành 12 tháng. Nếu cần bảo hành, bạn vui lòng cung cấp mã đơn hàng, số điện thoại mua hàng, mô tả lỗi và hình ảnh/video nếu có.","TC-PH-004, policy_warranty",False,answer
qa_0051,product_warranty,Thời gian bảo hành của Điện thoại PixelOne A55 là mấy tháng?,"Điện thoại PixelOne A55 được bảo hành 12 tháng. Nếu cần bảo hành, bạn vui lòng cung cấp mã đơn hàng, số điện thoại mua hàng, mô tả lỗi và hình ảnh/video nếu có.","TC-PH-004, policy_warranty",False,answer
qa_0052,product_warranty,Mua Điện thoại PixelOne A55 thì được bảo hành như thế nào?,"Điện thoại PixelOne A55 được bảo hành 12 tháng. Nếu cần bảo hành, bạn vui lòng cung cấp mã đơn hàng, số điện thoại mua hàng, mô tả lỗi và hình ảnh/video nếu có.","TC-PH-004, policy_warranty",False,answer
qa_0053,product_price,Điện thoại PixelOne Pro X giá bao nhiêu?,Điện thoại PixelOne Pro X hiện có giá niêm yết 15.990.000 VND. Giá thực tế có thể thay đổi nếu áp dụng voucher hoặc chương trình khuyến mãi.,TC-PH-005,False,answer
qa_0054,product_price,Cho mình hỏi giá Điện thoại PixelOne Pro X với,Điện thoại PixelOne Pro X hiện có giá niêm yết 15.990.000 VND. Giá thực tế có thể thay đổi nếu áp dụng voucher hoặc chương trình khuyến mãi.,TC-PH-005,False,answer
qa_0055,product_price,Điện thoại PixelOne Pro X hiện đang bán giá nào?,Điện thoại PixelOne Pro X hiện có giá niêm yết 15.990.000 VND. Giá thực tế có thể thay đổi nếu áp dụng voucher hoặc chương trình khuyến mãi.,TC-PH-005,False,answer
qa_0056,product_price,Sản phẩm Điện thoại PixelOne Pro X bao nhiêu tiền?,Điện thoại PixelOne Pro X hiện có giá niêm yết 15.990.000 VND. Giá thực tế có thể thay đổi nếu áp dụng voucher hoặc chương trình khuyến mãi.,TC-PH-005,False,answer
qa_0057,product_price,Báo giá giúp mình Điện thoại PixelOne Pro X,Điện thoại PixelOne Pro X hiện có giá niêm yết 15.990.000 VND. Giá thực tế có thể thay đổi nếu áp dụng voucher hoặc chương trình khuyến mãi.,TC-PH-005,False,answer
qa_0058,product_info,Điện thoại PixelOne Pro X cấu hình thế nào?,"Điện thoại PixelOne Pro X có thông tin chính: màn hình OLED 6.7 inch 120Hz, RAM 12GB, bộ nhớ 256GB, camera 108MP, tele 3x. Sản phẩm phù hợp với nhu cầu người cần camera tốt, hiệu năng cao, bộ nhớ lớn và dùng lâu dài.",TC-PH-005,False,answer
qa_0059,product_info,Thông số chính của Điện thoại PixelOne Pro X là gì?,"Điện thoại PixelOne Pro X có thông tin chính: màn hình OLED 6.7 inch 120Hz, RAM 12GB, bộ nhớ 256GB, camera 108MP, tele 3x. Sản phẩm phù hợp với nhu cầu người cần camera tốt, hiệu năng cao, bộ nhớ lớn và dùng lâu dài.",TC-PH-005,False,answer
qa_0060,product_info,Điện thoại PixelOne Pro X có điểm gì nổi bật?,"Điện thoại PixelOne Pro X có thông tin chính: màn hình OLED 6.7 inch 120Hz, RAM 12GB, bộ nhớ 256GB, camera 108MP, tele 3x. Sản phẩm phù hợp với nhu cầu người cần camera tốt, hiệu năng cao, bộ nhớ lớn và dùng lâu dài.",TC-PH-005,False,answer
qa_0061,product_info,Mô tả nhanh giúp mình Điện thoại PixelOne Pro X,"Điện thoại PixelOne Pro X có thông tin chính: màn hình OLED 6.7 inch 120Hz, RAM 12GB, bộ nhớ 256GB, camera 108MP, tele 3x. Sản phẩm phù hợp với nhu cầu người cần camera tốt, hiệu năng cao, bộ nhớ lớn và dùng lâu dài.",TC-PH-005,False,answer
qa_0062,product_info,Điện thoại PixelOne Pro X phù hợp với nhu cầu nào?,"Điện thoại PixelOne Pro X có thông tin chính: màn hình OLED 6.7 inch 120Hz, RAM 12GB, bộ nhớ 256GB, camera 108MP, tele 3x. Sản phẩm phù hợp với nhu cầu người cần camera tốt, hiệu năng cao, bộ nhớ lớn và dùng lâu dài.",TC-PH-005,False,answer
qa_0063,product_warranty,Điện thoại PixelOne Pro X bảo hành bao lâu?,"Điện thoại PixelOne Pro X được bảo hành 12 tháng. Nếu cần bảo hành, bạn vui lòng cung cấp mã đơn hàng, số điện thoại mua hàng, mô tả lỗi và hình ảnh/video nếu có.","TC-PH-005, policy_warranty",False,answer
qa_0064,product_warranty,Thời gian bảo hành của Điện thoại PixelOne Pro X là mấy tháng?,"Điện thoại PixelOne Pro X được bảo hành 12 tháng. Nếu cần bảo hành, bạn vui lòng cung cấp mã đơn hàng, số điện thoại mua hàng, mô tả lỗi và hình ảnh/video nếu có.","TC-PH-005, policy_warranty",False,answer
qa_0065,product_warranty,Mua Điện thoại PixelOne Pro X thì được bảo hành như thế nào?,"Điện thoại PixelOne Pro X được bảo hành 12 tháng. Nếu cần bảo hành, bạn vui lòng cung cấp mã đơn hàng, số điện thoại mua hàng, mô tả lỗi và hình ảnh/video nếu có.","TC-PH-005, policy_warranty",False,answer
qa_0066,product_price,Máy tính bảng TabLearn 11 giá bao nhiêu?,Máy tính bảng TabLearn 11 hiện có giá niêm yết 8.490.000 VND. Giá thực tế có thể thay đổi nếu áp dụng voucher hoặc chương trình khuyến mãi.,TC-TB-006,False,answer
qa_0067,product_price,Cho mình hỏi giá Máy tính bảng TabLearn 11 với,Máy tính bảng TabLearn 11 hiện có giá niêm yết 8.490.000 VND. Giá thực tế có thể thay đổi nếu áp dụng voucher hoặc chương trình khuyến mãi.,TC-TB-006,False,answer
qa_0068,product_price,Máy tính bảng TabLearn 11 hiện đang bán giá nào?,Máy tính bảng TabLearn 11 hiện có giá niêm yết 8.490.000 VND. Giá thực tế có thể thay đổi nếu áp dụng voucher hoặc chương trình khuyến mãi.,TC-TB-006,False,answer
qa_0069,product_price,Sản phẩm Máy tính bảng TabLearn 11 bao nhiêu tiền?,Máy tính bảng TabLearn 11 hiện có giá niêm yết 8.490.000 VND. Giá thực tế có thể thay đổi nếu áp dụng voucher hoặc chương trình khuyến mãi.,TC-TB-006,False,answer
qa_0070,product_price,Báo giá giúp mình Máy tính bảng TabLearn 11,Máy tính bảng TabLearn 11 hiện có giá niêm yết 8.490.000 VND. Giá thực tế có thể thay đổi nếu áp dụng voucher hoặc chương trình khuyến mãi.,TC-TB-006,False,answer
qa_0071,product_info,Máy tính bảng TabLearn 11 cấu hình thế nào?,"Máy tính bảng TabLearn 11 có thông tin chính: màn hình 11 inch 2K, RAM 8GB, bộ nhớ 128GB, hỗ trợ bút cảm ứng, pin 8000mAh. Sản phẩm phù hợp với nhu cầu ghi chú, học online, đọc tài liệu, xem video và làm việc nhẹ.",TC-TB-006,False,answer
qa_0072,product_info,Thông số chính của Máy tính bảng TabLearn 11 là gì?,"Máy tính bảng TabLearn 11 có thông tin chính: màn hình 11 inch 2K, RAM 8GB, bộ nhớ 128GB, hỗ trợ bút cảm ứng, pin 8000mAh. Sản phẩm phù hợp với nhu cầu ghi chú, học online, đọc tài liệu, xem video và làm việc nhẹ.",TC-TB-006,False,answer
qa_0073,product_info,Máy tính bảng TabLearn 11 có điểm gì nổi bật?,"Máy tính bảng TabLearn 11 có thông tin chính: màn hình 11 inch 2K, RAM 8GB, bộ nhớ 128GB, hỗ trợ bút cảm ứng, pin 8000mAh. Sản phẩm phù hợp với nhu cầu ghi chú, học online, đọc tài liệu, xem video và làm việc nhẹ.",TC-TB-006,False,answer
qa_0074,product_info,Mô tả nhanh giúp mình Máy tính bảng TabLearn 11,"Máy tính bảng TabLearn 11 có thông tin chính: màn hình 11 inch 2K, RAM 8GB, bộ nhớ 128GB, hỗ trợ bút cảm ứng, pin 8000mAh. Sản phẩm phù hợp với nhu cầu ghi chú, học online, đọc tài liệu, xem video và làm việc nhẹ.",TC-TB-006,False,answer
qa_0075,product_info,Máy tính bảng TabLearn 11 phù hợp với nhu cầu nào?,"Máy tính bảng TabLearn 11 có thông tin chính: màn hình 11 inch 2K, RAM 8GB, bộ nhớ 128GB, hỗ trợ bút cảm ứng, pin 8000mAh. Sản phẩm phù hợp với nhu cầu ghi chú, học online, đọc tài liệu, xem video và làm việc nhẹ.",TC-TB-006,False,answer
qa_0076,product_warranty,Máy tính bảng TabLearn 11 bảo hành bao lâu?,"Máy tính bảng TabLearn 11 được bảo hành 12 tháng. Nếu cần bảo hành, bạn vui lòng cung cấp mã đơn hàng, số điện thoại mua hàng, mô tả lỗi và hình ảnh/video nếu có.","TC-TB-006, policy_warranty",False,answer
qa_0077,product_warranty,Thời gian bảo hành của Máy tính bảng TabLearn 11 là mấy tháng?,"Máy tính bảng TabLearn 11 được bảo hành 12 tháng. Nếu cần bảo hành, bạn vui lòng cung cấp mã đơn hàng, số điện thoại mua hàng, mô tả lỗi và hình ảnh/video nếu có.","TC-TB-006, policy_warranty",False,answer
qa_0078,product_warranty,Mua Máy tính bảng TabLearn 11 thì được bảo hành như thế nào?,"Máy tính bảng TabLearn 11 được bảo hành 12 tháng. Nếu cần bảo hành, bạn vui lòng cung cấp mã đơn hàng, số điện thoại mua hàng, mô tả lỗi và hình ảnh/video nếu có.","TC-TB-006, policy_warranty",False,answer
qa_0079,product_price,Tai nghe SonicBuds Pro giá bao nhiêu?,Tai nghe SonicBuds Pro hiện có giá niêm yết 1.990.000 VND. Giá thực tế có thể thay đổi nếu áp dụng voucher hoặc chương trình khuyến mãi.,TC-HP-007,False,answer
qa_0080,product_price,Cho mình hỏi giá Tai nghe SonicBuds Pro với,Tai nghe SonicBuds Pro hiện có giá niêm yết 1.990.000 VND. Giá thực tế có thể thay đổi nếu áp dụng voucher hoặc chương trình khuyến mãi.,TC-HP-007,False,answer
qa_0081,product_price,Tai nghe SonicBuds Pro hiện đang bán giá nào?,Tai nghe SonicBuds Pro hiện có giá niêm yết 1.990.000 VND. Giá thực tế có thể thay đổi nếu áp dụng voucher hoặc chương trình khuyến mãi.,TC-HP-007,False,answer
qa_0082,product_price,Sản phẩm Tai nghe SonicBuds Pro bao nhiêu tiền?,Tai nghe SonicBuds Pro hiện có giá niêm yết 1.990.000 VND. Giá thực tế có thể thay đổi nếu áp dụng voucher hoặc chương trình khuyến mãi.,TC-HP-007,False,answer
qa_0083,product_price,Báo giá giúp mình Tai nghe SonicBuds Pro,Tai nghe SonicBuds Pro hiện có giá niêm yết 1.990.000 VND. Giá thực tế có thể thay đổi nếu áp dụng voucher hoặc chương trình khuyến mãi.,TC-HP-007,False,answer
qa_0084,product_info,Tai nghe SonicBuds Pro cấu hình thế nào?,"Tai nghe SonicBuds Pro có thông tin chính: true wireless, chống ồn chủ động ANC, xuyên âm, IPX4, pin 7 giờ và 28 giờ với hộp sạc. Sản phẩm phù hợp với nhu cầu học online, nghe nhạc, gọi điện và di chuyển ngoài đường.",TC-HP-007,False,answer
qa_0085,product_info,Thông số chính của Tai nghe SonicBuds Pro là gì?,"Tai nghe SonicBuds Pro có thông tin chính: true wireless, chống ồn chủ động ANC, xuyên âm, IPX4, pin 7 giờ và 28 giờ với hộp sạc. Sản phẩm phù hợp với nhu cầu học online, nghe nhạc, gọi điện và di chuyển ngoài đường.",TC-HP-007,False,answer
qa_0086,product_info,Tai nghe SonicBuds Pro có điểm gì nổi bật?,"Tai nghe SonicBuds Pro có thông tin chính: true wireless, chống ồn chủ động ANC, xuyên âm, IPX4, pin 7 giờ và 28 giờ với hộp sạc. Sản phẩm phù hợp với nhu cầu học online, nghe nhạc, gọi điện và di chuyển ngoài đường.",TC-HP-007,False,answer
qa_0087,product_info,Mô tả nhanh giúp mình Tai nghe SonicBuds Pro,"Tai nghe SonicBuds Pro có thông tin chính: true wireless, chống ồn chủ động ANC, xuyên âm, IPX4, pin 7 giờ và 28 giờ với hộp sạc. Sản phẩm phù hợp với nhu cầu học online, nghe nhạc, gọi điện và di chuyển ngoài đường.",TC-HP-007,False,answer
qa_0088,product_info,Tai nghe SonicBuds Pro phù hợp với nhu cầu nào?,"Tai nghe SonicBuds Pro có thông tin chính: true wireless, chống ồn chủ động ANC, xuyên âm, IPX4, pin 7 giờ và 28 giờ với hộp sạc. Sản phẩm phù hợp với nhu cầu học online, nghe nhạc, gọi điện và di chuyển ngoài đường.",TC-HP-007,False,answer
qa_0089,product_warranty,Tai nghe SonicBuds Pro bảo hành bao lâu?,"Tai nghe SonicBuds Pro được bảo hành 12 tháng. Nếu cần bảo hành, bạn vui lòng cung cấp mã đơn hàng, số điện thoại mua hàng, mô tả lỗi và hình ảnh/video nếu có.","TC-HP-007, policy_warranty",False,answer
qa_0090,product_warranty,Thời gian bảo hành của Tai nghe SonicBuds Pro là mấy tháng?,"Tai nghe SonicBuds Pro được bảo hành 12 tháng. Nếu cần bảo hành, bạn vui lòng cung cấp mã đơn hàng, số điện thoại mua hàng, mô tả lỗi và hình ảnh/video nếu có.","TC-HP-007, policy_warranty",False,answer
qa_0091,product_warranty,Mua Tai nghe SonicBuds Pro thì được bảo hành như thế nào?,"Tai nghe SonicBuds Pro được bảo hành 12 tháng. Nếu cần bảo hành, bạn vui lòng cung cấp mã đơn hàng, số điện thoại mua hàng, mô tả lỗi và hình ảnh/video nếu có.","TC-HP-007, policy_warranty",False,answer
qa_0092,product_price,Tai nghe SonicBuds Lite giá bao nhiêu?,Tai nghe SonicBuds Lite hiện có giá niêm yết 790.000 VND. Giá thực tế có thể thay đổi nếu áp dụng voucher hoặc chương trình khuyến mãi.,TC-HP-008,False,answer
qa_0093,product_price,Cho mình hỏi giá Tai nghe SonicBuds Lite với,Tai nghe SonicBuds Lite hiện có giá niêm yết 790.000 VND. Giá thực tế có thể thay đổi nếu áp dụng voucher hoặc chương trình khuyến mãi.,TC-HP-008,False,answer
qa_0094,product_price,Tai nghe SonicBuds Lite hiện đang bán giá nào?,Tai nghe SonicBuds Lite hiện có giá niêm yết 790.000 VND. Giá thực tế có thể thay đổi nếu áp dụng voucher hoặc chương trình khuyến mãi.,TC-HP-008,False,answer
qa_0095,product_price,Sản phẩm Tai nghe SonicBuds Lite bao nhiêu tiền?,Tai nghe SonicBuds Lite hiện có giá niêm yết 790.000 VND. Giá thực tế có thể thay đổi nếu áp dụng voucher hoặc chương trình khuyến mãi.,TC-HP-008,False,answer
qa_0096,product_price,Báo giá giúp mình Tai nghe SonicBuds Lite,Tai nghe SonicBuds Lite hiện có giá niêm yết 790.000 VND. Giá thực tế có thể thay đổi nếu áp dụng voucher hoặc chương trình khuyến mãi.,TC-HP-008,False,answer
qa_0097,product_info,Tai nghe SonicBuds Lite cấu hình thế nào?,"Tai nghe SonicBuds Lite có thông tin chính: true wireless, mic đàm thoại, IPX4, pin 5 giờ và 20 giờ với hộp sạc, không có ANC. Sản phẩm phù hợp với nhu cầu nghe gọi cơ bản, học online và ngân sách tiết kiệm.",TC-HP-008,False,answer
qa_0098,product_info,Thông số chính của Tai nghe SonicBuds Lite là gì?,"Tai nghe SonicBuds Lite có thông tin chính: true wireless, mic đàm thoại, IPX4, pin 5 giờ và 20 giờ với hộp sạc, không có ANC. Sản phẩm phù hợp với nhu cầu nghe gọi cơ bản, học online và ngân sách tiết kiệm.",TC-HP-008,False,answer
qa_0099,product_info,Tai nghe SonicBuds Lite có điểm gì nổi bật?,"Tai nghe SonicBuds Lite có thông tin chính: true wireless, mic đàm thoại, IPX4, pin 5 giờ và 20 giờ với hộp sạc, không có ANC. Sản phẩm phù hợp với nhu cầu nghe gọi cơ bản, học online và ngân sách tiết kiệm.",TC-HP-008,False,answer
qa_0100,product_info,Mô tả nhanh giúp mình Tai nghe SonicBuds Lite,"Tai nghe SonicBuds Lite có thông tin chính: true wireless, mic đàm thoại, IPX4, pin 5 giờ và 20 giờ với hộp sạc, không có ANC. Sản phẩm phù hợp với nhu cầu nghe gọi cơ bản, học online và ngân sách tiết kiệm.",TC-HP-008,False,answer
qa_0101,product_info,Tai nghe SonicBuds Lite phù hợp với nhu cầu nào?,"Tai nghe SonicBuds Lite có thông tin chính: true wireless, mic đàm thoại, IPX4, pin 5 giờ và 20 giờ với hộp sạc, không có ANC. Sản phẩm phù hợp với nhu cầu nghe gọi cơ bản, học online và ngân sách tiết kiệm.",TC-HP-008,False,answer
qa_0102,product_warranty,Tai nghe SonicBuds Lite bảo hành bao lâu?,"Tai nghe SonicBuds Lite được bảo hành 12 tháng. Nếu cần bảo hành, bạn vui lòng cung cấp mã đơn hàng, số điện thoại mua hàng, mô tả lỗi và hình ảnh/video nếu có.","TC-HP-008, policy_warranty",False,answer
qa_0103,product_warranty,Thời gian bảo hành của Tai nghe SonicBuds Lite là mấy tháng?,"Tai nghe SonicBuds Lite được bảo hành 12 tháng. Nếu cần bảo hành, bạn vui lòng cung cấp mã đơn hàng, số điện thoại mua hàng, mô tả lỗi và hình ảnh/video nếu có.","TC-HP-008, policy_warranty",False,answer
qa_0104,product_warranty,Mua Tai nghe SonicBuds Lite thì được bảo hành như thế nào?,"Tai nghe SonicBuds Lite được bảo hành 12 tháng. Nếu cần bảo hành, bạn vui lòng cung cấp mã đơn hàng, số điện thoại mua hàng, mô tả lỗi và hình ảnh/video nếu có.","TC-HP-008, policy_warranty",False,answer
qa_0105,product_price,Đồng hồ FitWatch S2 giá bao nhiêu?,Đồng hồ FitWatch S2 hiện có giá niêm yết 2.490.000 VND. Giá thực tế có thể thay đổi nếu áp dụng voucher hoặc chương trình khuyến mãi.,TC-WA-009,False,answer
qa_0106,product_price,Cho mình hỏi giá Đồng hồ FitWatch S2 với,Đồng hồ FitWatch S2 hiện có giá niêm yết 2.490.000 VND. Giá thực tế có thể thay đổi nếu áp dụng voucher hoặc chương trình khuyến mãi.,TC-WA-009,False,answer
qa_0107,product_price,Đồng hồ FitWatch S2 hiện đang bán giá nào?,Đồng hồ FitWatch S2 hiện có giá niêm yết 2.490.000 VND. Giá thực tế có thể thay đổi nếu áp dụng voucher hoặc chương trình khuyến mãi.,TC-WA-009,False,answer
qa_0108,product_price,Sản phẩm Đồng hồ FitWatch S2 bao nhiêu tiền?,Đồng hồ FitWatch S2 hiện có giá niêm yết 2.490.000 VND. Giá thực tế có thể thay đổi nếu áp dụng voucher hoặc chương trình khuyến mãi.,TC-WA-009,False,answer
qa_0109,product_price,Báo giá giúp mình Đồng hồ FitWatch S2,Đồng hồ FitWatch S2 hiện có giá niêm yết 2.490.000 VND. Giá thực tế có thể thay đổi nếu áp dụng voucher hoặc chương trình khuyến mãi.,TC-WA-009,False,answer
qa_0110,product_info,Đồng hồ FitWatch S2 cấu hình thế nào?,"Đồng hồ FitWatch S2 có thông tin chính: đo nhịp tim, SpO2, theo dõi giấc ngủ, 100 chế độ luyện tập, pin 7 ngày, chống nước 5ATM. Sản phẩm phù hợp với nhu cầu theo dõi sức khỏe, luyện tập và nhận thông báo điện thoại.",TC-WA-009,False,answer
qa_0111,product_info,Thông số chính của Đồng hồ FitWatch S2 là gì?,"Đồng hồ FitWatch S2 có thông tin chính: đo nhịp tim, SpO2, theo dõi giấc ngủ, 100 chế độ luyện tập, pin 7 ngày, chống nước 5ATM. Sản phẩm phù hợp với nhu cầu theo dõi sức khỏe, luyện tập và nhận thông báo điện thoại.",TC-WA-009,False,answer
qa_0112,product_info,Đồng hồ FitWatch S2 có điểm gì nổi bật?,"Đồng hồ FitWatch S2 có thông tin chính: đo nhịp tim, SpO2, theo dõi giấc ngủ, 100 chế độ luyện tập, pin 7 ngày, chống nước 5ATM. Sản phẩm phù hợp với nhu cầu theo dõi sức khỏe, luyện tập và nhận thông báo điện thoại.",TC-WA-009,False,answer
qa_0113,product_info,Mô tả nhanh giúp mình Đồng hồ FitWatch S2,"Đồng hồ FitWatch S2 có thông tin chính: đo nhịp tim, SpO2, theo dõi giấc ngủ, 100 chế độ luyện tập, pin 7 ngày, chống nước 5ATM. Sản phẩm phù hợp với nhu cầu theo dõi sức khỏe, luyện tập và nhận thông báo điện thoại.",TC-WA-009,False,answer
qa_0114,product_info,Đồng hồ FitWatch S2 phù hợp với nhu cầu nào?,"Đồng hồ FitWatch S2 có thông tin chính: đo nhịp tim, SpO2, theo dõi giấc ngủ, 100 chế độ luyện tập, pin 7 ngày, chống nước 5ATM. Sản phẩm phù hợp với nhu cầu theo dõi sức khỏe, luyện tập và nhận thông báo điện thoại.",TC-WA-009,False,answer
qa_0115,product_warranty,Đồng hồ FitWatch S2 bảo hành bao lâu?,"Đồng hồ FitWatch S2 được bảo hành 12 tháng. Nếu cần bảo hành, bạn vui lòng cung cấp mã đơn hàng, số điện thoại mua hàng, mô tả lỗi và hình ảnh/video nếu có.","TC-WA-009, policy_warranty",False,answer
qa_0116,product_warranty,Thời gian bảo hành của Đồng hồ FitWatch S2 là mấy tháng?,"Đồng hồ FitWatch S2 được bảo hành 12 tháng. Nếu cần bảo hành, bạn vui lòng cung cấp mã đơn hàng, số điện thoại mua hàng, mô tả lỗi và hình ảnh/video nếu có.","TC-WA-009, policy_warranty",False,answer
qa_0117,product_warranty,Mua Đồng hồ FitWatch S2 thì được bảo hành như thế nào?,"Đồng hồ FitWatch S2 được bảo hành 12 tháng. Nếu cần bảo hành, bạn vui lòng cung cấp mã đơn hàng, số điện thoại mua hàng, mô tả lỗi và hình ảnh/video nếu có.","TC-WA-009, policy_warranty",False,answer
qa_0118,product_price,Sạc dự phòng VoltPack 20K giá bao nhiêu?,Sạc dự phòng VoltPack 20K hiện có giá niêm yết 890.000 VND. Giá thực tế có thể thay đổi nếu áp dụng voucher hoặc chương trình khuyến mãi.,TC-PB-010,False,answer
qa_0119,product_price,Cho mình hỏi giá Sạc dự phòng VoltPack 20K với,Sạc dự phòng VoltPack 20K hiện có giá niêm yết 890.000 VND. Giá thực tế có thể thay đổi nếu áp dụng voucher hoặc chương trình khuyến mãi.,TC-PB-010,False,answer
qa_0120,product_price,Sạc dự phòng VoltPack 20K hiện đang bán giá nào?,Sạc dự phòng VoltPack 20K hiện có giá niêm yết 890.000 VND. Giá thực tế có thể thay đổi nếu áp dụng voucher hoặc chương trình khuyến mãi.,TC-PB-010,False,answer
qa_0121,product_price,Sản phẩm Sạc dự phòng VoltPack 20K bao nhiêu tiền?,Sạc dự phòng VoltPack 20K hiện có giá niêm yết 890.000 VND. Giá thực tế có thể thay đổi nếu áp dụng voucher hoặc chương trình khuyến mãi.,TC-PB-010,False,answer
qa_0122,product_price,Báo giá giúp mình Sạc dự phòng VoltPack 20K,Sạc dự phòng VoltPack 20K hiện có giá niêm yết 890.000 VND. Giá thực tế có thể thay đổi nếu áp dụng voucher hoặc chương trình khuyến mãi.,TC-PB-010,False,answer
qa_0123,product_info,Sạc dự phòng VoltPack 20K cấu hình thế nào?,"Sạc dự phòng VoltPack 20K có thông tin chính: 20.000mAh, USB-C Power Delivery 30W, sạc nhanh điện thoại, máy tính bảng và một số laptop mỏng nhẹ. Sản phẩm phù hợp với nhu cầu người cần pin dự phòng dung lượng cao khi đi học, đi làm hoặc du lịch.",TC-PB-010,False,answer
qa_0124,product_info,Thông số chính của Sạc dự phòng VoltPack 20K là gì?,"Sạc dự phòng VoltPack 20K có thông tin chính: 20.000mAh, USB-C Power Delivery 30W, sạc nhanh điện thoại, máy tính bảng và một số laptop mỏng nhẹ. Sản phẩm phù hợp với nhu cầu người cần pin dự phòng dung lượng cao khi đi học, đi làm hoặc du lịch.",TC-PB-010,False,answer
qa_0125,product_info,Sạc dự phòng VoltPack 20K có điểm gì nổi bật?,"Sạc dự phòng VoltPack 20K có thông tin chính: 20.000mAh, USB-C Power Delivery 30W, sạc nhanh điện thoại, máy tính bảng và một số laptop mỏng nhẹ. Sản phẩm phù hợp với nhu cầu người cần pin dự phòng dung lượng cao khi đi học, đi làm hoặc du lịch.",TC-PB-010,False,answer
qa_0126,product_info,Mô tả nhanh giúp mình Sạc dự phòng VoltPack 20K,"Sạc dự phòng VoltPack 20K có thông tin chính: 20.000mAh, USB-C Power Delivery 30W, sạc nhanh điện thoại, máy tính bảng và một số laptop mỏng nhẹ. Sản phẩm phù hợp với nhu cầu người cần pin dự phòng dung lượng cao khi đi học, đi làm hoặc du lịch.",TC-PB-010,False,answer
qa_0127,product_info,Sạc dự phòng VoltPack 20K phù hợp với nhu cầu nào?,"Sạc dự phòng VoltPack 20K có thông tin chính: 20.000mAh, USB-C Power Delivery 30W, sạc nhanh điện thoại, máy tính bảng và một số laptop mỏng nhẹ. Sản phẩm phù hợp với nhu cầu người cần pin dự phòng dung lượng cao khi đi học, đi làm hoặc du lịch.",TC-PB-010,False,answer
qa_0128,product_warranty,Sạc dự phòng VoltPack 20K bảo hành bao lâu?,"Sạc dự phòng VoltPack 20K được bảo hành 12 tháng. Nếu cần bảo hành, bạn vui lòng cung cấp mã đơn hàng, số điện thoại mua hàng, mô tả lỗi và hình ảnh/video nếu có.","TC-PB-010, policy_warranty",False,answer
qa_0129,product_warranty,Thời gian bảo hành của Sạc dự phòng VoltPack 20K là mấy tháng?,"Sạc dự phòng VoltPack 20K được bảo hành 12 tháng. Nếu cần bảo hành, bạn vui lòng cung cấp mã đơn hàng, số điện thoại mua hàng, mô tả lỗi và hình ảnh/video nếu có.","TC-PB-010, policy_warranty",False,answer
qa_0130,product_warranty,Mua Sạc dự phòng VoltPack 20K thì được bảo hành như thế nào?,"Sạc dự phòng VoltPack 20K được bảo hành 12 tháng. Nếu cần bảo hành, bạn vui lòng cung cấp mã đơn hàng, số điện thoại mua hàng, mô tả lỗi và hình ảnh/video nếu có.","TC-PB-010, policy_warranty",False,answer
qa_0131,recommendation,"Mình là sinh viên, cần laptop học online và làm Word Excel thì chọn máy nào?","Nếu ngân sách khoảng 15 triệu, bạn nên chọn Laptop NovaBook Air 14 vì có RAM 16GB, SSD 512GB, pin 7-9 giờ và phù hợp học online, Word, Excel. Nếu muốn tiết kiệm hơn khoảng 10 triệu, EduBook 13 phù hợp nhu cầu cơ bản.",recommendation,False,answer
qa_0132,recommendation,Máy nào chơi game ngon?,"Với nhu cầu chơi game, TechCare gợi ý Laptop GamePro 15 vì máy có AMD Ryzen 7, RAM 16GB, SSD 1TB, GPU RTX 4060 và màn hình 144Hz.",recommendation,False,answer
qa_0133,recommendation,Mình cần laptop để render video thì nên mua gì?,"Bạn nên chọn Laptop GamePro 15 vì sản phẩm phù hợp đồ họa 2D/3D, render video, chơi game và học ngành kỹ thuật.",recommendation,False,answer
qa_0134,recommendation,Tai nghe nào có chống ồn để học online ở quán cafe?,"Bạn nên chọn SonicBuds Pro vì tai nghe có chống ồn chủ động ANC, chế độ xuyên âm, mic đàm thoại và pin tối đa 28 giờ khi dùng hộp sạc.",recommendation,False,answer
qa_0135,recommendation,Điện thoại nào chụp ảnh tốt hơn?,"Nếu cần camera tốt hơn và hiệu năng cao, bạn nên chọn PixelOne Pro X vì máy có camera chính 108MP, camera tele 3x, RAM 12GB và bộ nhớ 256GB.",recommendation,False,answer
qa_0136,recommendation,Mình cần máy tính bảng để ghi chú học online thì có mẫu nào?,"Bạn có thể chọn TabLearn 11 vì máy có màn hình 11 inch 2K, RAM 8GB, bộ nhớ 128GB, hỗ trợ bút cảm ứng và pin 8000mAh.",recommendation,False,answer
qa_0137,recommendation,Tai nghe giá rẻ thì nên chọn mẫu nào?,"Nếu cần tai nghe cơ bản với ngân sách tiết kiệm, bạn có thể chọn SonicBuds Lite. Mẫu này có mic đàm thoại, chống nước IPX4 và pin tối đa 20 giờ với hộp sạc.",recommendation,False,answer
qa_0138,recommendation,Có sạc dự phòng nào sạc nhanh không?,"Bạn có thể chọn VoltPack 20K vì sản phẩm có dung lượng 20.000mAh, cổng USB-C Power Delivery 30W và hỗ trợ sạc nhanh cho điện thoại, máy tính bảng.",recommendation,False,answer
qa_0139,policy_warranty,Bảo hành sản phẩm ở TechCare như thế nào?,"Laptop NovaBook Air 14 và GamePro 15 bảo hành 24 tháng, EduBook 13 bảo hành 18 tháng. Điện thoại, máy tính bảng, tai nghe, đồng hồ thông minh và sạc dự phòng bảo hành 12 tháng. Khi cần bảo hành, khách cung cấp mã đơn hàng, số điện thoại mua hàng, tên sản phẩm, mô tả lỗi và hình ảnh/video nếu có.",policy_warranty,False,answer
qa_0140,policy_warranty,Laptop được bảo hành bao lâu?,"Laptop NovaBook Air 14 và GamePro 15 bảo hành 24 tháng, EduBook 13 bảo hành 18 tháng. Điện thoại, máy tính bảng, tai nghe, đồng hồ thông minh và sạc dự phòng bảo hành 12 tháng. Khi cần bảo hành, khách cung cấp mã đơn hàng, số điện thoại mua hàng, tên sản phẩm, mô tả lỗi và hình ảnh/video nếu có.",policy_warranty,False,answer
qa_0141,policy_warranty,Điện thoại bảo hành mấy tháng?,"Laptop NovaBook Air 14 và GamePro 15 bảo hành 24 tháng, EduBook 13 bảo hành 18 tháng. Điện thoại, máy tính bảng, tai nghe, đồng hồ thông minh và sạc dự phòng bảo hành 12 tháng. Khi cần bảo hành, khách cung cấp mã đơn hàng, số điện thoại mua hàng, tên sản phẩm, mô tả lỗi và hình ảnh/video nếu có.",policy_warranty,False,answer
qa_0142,policy_warranty,Tai nghe có được bảo hành không?,"Laptop NovaBook Air 14 và GamePro 15 bảo hành 24 tháng, EduBook 13 bảo hành 18 tháng. Điện thoại, máy tính bảng, tai nghe, đồng hồ thông minh và sạc dự phòng bảo hành 12 tháng. Khi cần bảo hành, khách cung cấp mã đơn hàng, số điện thoại mua hàng, tên sản phẩm, mô tả lỗi và hình ảnh/video nếu có.",policy_warranty,False,answer
qa_0143,policy_warranty,Sản phẩm bị lỗi phần cứng thì xử lý sao?,"Laptop NovaBook Air 14 và GamePro 15 bảo hành 24 tháng, EduBook 13 bảo hành 18 tháng. Điện thoại, máy tính bảng, tai nghe, đồng hồ thông minh và sạc dự phòng bảo hành 12 tháng. Khi cần bảo hành, khách cung cấp mã đơn hàng, số điện thoại mua hàng, tên sản phẩm, mô tả lỗi và hình ảnh/video nếu có.",policy_warranty,False,answer
qa_0144,policy_return,Shop có cho đổi trả không?,"TechCare hỗ trợ đổi trả trong 7 ngày kể từ ngày nhận hàng nếu sản phẩm còn đầy đủ hộp, phụ kiện, hóa đơn, chưa trầy xước, chưa vô nước và chưa kích hoạt bảo hành điện tử nếu sản phẩm yêu cầu kích hoạt. Nếu lỗi do nhà sản xuất trong 7 ngày đầu, TechCare hỗ trợ đổi mới cùng model nếu còn hàng.",policy_return,False,answer
qa_0145,policy_return,Mua về không ưng có đổi được không?,"TechCare hỗ trợ đổi trả trong 7 ngày kể từ ngày nhận hàng nếu sản phẩm còn đầy đủ hộp, phụ kiện, hóa đơn, chưa trầy xước, chưa vô nước và chưa kích hoạt bảo hành điện tử nếu sản phẩm yêu cầu kích hoạt. Nếu lỗi do nhà sản xuất trong 7 ngày đầu, TechCare hỗ trợ đổi mới cùng model nếu còn hàng.",policy_return,False,answer
qa_0146,policy_return,Sản phẩm lỗi trong 7 ngày đầu thì sao?,"TechCare hỗ trợ đổi trả trong 7 ngày kể từ ngày nhận hàng nếu sản phẩm còn đầy đủ hộp, phụ kiện, hóa đơn, chưa trầy xước, chưa vô nước và chưa kích hoạt bảo hành điện tử nếu sản phẩm yêu cầu kích hoạt. Nếu lỗi do nhà sản xuất trong 7 ngày đầu, TechCare hỗ trợ đổi mới cùng model nếu còn hàng.",policy_return,False,answer
qa_0147,policy_return,Đổi trả cần điều kiện gì?,"TechCare hỗ trợ đổi trả trong 7 ngày kể từ ngày nhận hàng nếu sản phẩm còn đầy đủ hộp, phụ kiện, hóa đơn, chưa trầy xước, chưa vô nước và chưa kích hoạt bảo hành điện tử nếu sản phẩm yêu cầu kích hoạt. Nếu lỗi do nhà sản xuất trong 7 ngày đầu, TechCare hỗ trợ đổi mới cùng model nếu còn hàng.",policy_return,False,answer
qa_0148,policy_return,Nếu máy bị lỗi do nhà sản xuất thì xử lý thế nào?,"TechCare hỗ trợ đổi trả trong 7 ngày kể từ ngày nhận hàng nếu sản phẩm còn đầy đủ hộp, phụ kiện, hóa đơn, chưa trầy xước, chưa vô nước và chưa kích hoạt bảo hành điện tử nếu sản phẩm yêu cầu kích hoạt. Nếu lỗi do nhà sản xuất trong 7 ngày đầu, TechCare hỗ trợ đổi mới cùng model nếu còn hàng.",policy_return,False,answer
qa_0149,policy_shipping,Giao hàng mất bao lâu?,"TechCare giao hàng toàn quốc. Nội thành TP.HCM và Hà Nội thường nhận trong 1-2 ngày làm việc. Các tỉnh thành khác thường nhận trong 3-5 ngày làm việc. Phí giao hàng tiêu chuẩn là 30.000 VND cho phụ kiện và 50.000 VND cho laptop, điện thoại, máy tính bảng. Đơn từ 5.000.000 VND được miễn phí giao hàng tiêu chuẩn.",policy_shipping,False,answer
qa_0150,policy_shipping,Shop có giao toàn quốc không?,"TechCare giao hàng toàn quốc. Nội thành TP.HCM và Hà Nội thường nhận trong 1-2 ngày làm việc. Các tỉnh thành khác thường nhận trong 3-5 ngày làm việc. Phí giao hàng tiêu chuẩn là 30.000 VND cho phụ kiện và 50.000 VND cho laptop, điện thoại, máy tính bảng. Đơn từ 5.000.000 VND được miễn phí giao hàng tiêu chuẩn.",policy_shipping,False,answer
qa_0151,policy_shipping,Phí ship laptop là bao nhiêu?,"TechCare giao hàng toàn quốc. Nội thành TP.HCM và Hà Nội thường nhận trong 1-2 ngày làm việc. Các tỉnh thành khác thường nhận trong 3-5 ngày làm việc. Phí giao hàng tiêu chuẩn là 30.000 VND cho phụ kiện và 50.000 VND cho laptop, điện thoại, máy tính bảng. Đơn từ 5.000.000 VND được miễn phí giao hàng tiêu chuẩn.",policy_shipping,False,answer
qa_0152,policy_shipping,Đơn bao nhiêu thì được miễn phí giao hàng?,"TechCare giao hàng toàn quốc. Nội thành TP.HCM và Hà Nội thường nhận trong 1-2 ngày làm việc. Các tỉnh thành khác thường nhận trong 3-5 ngày làm việc. Phí giao hàng tiêu chuẩn là 30.000 VND cho phụ kiện và 50.000 VND cho laptop, điện thoại, máy tính bảng. Đơn từ 5.000.000 VND được miễn phí giao hàng tiêu chuẩn.",policy_shipping,False,answer
qa_0153,policy_shipping,Ở tỉnh thì bao lâu nhận được hàng?,"TechCare giao hàng toàn quốc. Nội thành TP.HCM và Hà Nội thường nhận trong 1-2 ngày làm việc. Các tỉnh thành khác thường nhận trong 3-5 ngày làm việc. Phí giao hàng tiêu chuẩn là 30.000 VND cho phụ kiện và 50.000 VND cho laptop, điện thoại, máy tính bảng. Đơn từ 5.000.000 VND được miễn phí giao hàng tiêu chuẩn.",policy_shipping,False,answer
qa_0154,policy_payment,Shop hỗ trợ thanh toán bằng cách nào?,"TechCare hỗ trợ COD, chuyển khoản ngân hàng, thẻ ATM nội địa, Visa/Mastercard và ví điện tử Momo. Nếu thanh toán online bị trừ tiền nhưng đơn chưa xác nhận, khách cung cấp số điện thoại đặt hàng, mã giao dịch và ảnh chụp biên lai để nhân viên kiểm tra trong 24 giờ làm việc.",policy_payment,False,answer
qa_0155,policy_payment,Có thanh toán COD không?,"TechCare hỗ trợ COD, chuyển khoản ngân hàng, thẻ ATM nội địa, Visa/Mastercard và ví điện tử Momo. Nếu thanh toán online bị trừ tiền nhưng đơn chưa xác nhận, khách cung cấp số điện thoại đặt hàng, mã giao dịch và ảnh chụp biên lai để nhân viên kiểm tra trong 24 giờ làm việc.",policy_payment,False,answer
qa_0156,policy_payment,Thanh toán online bị trừ tiền nhưng đơn chưa xác nhận thì sao?,"TechCare hỗ trợ COD, chuyển khoản ngân hàng, thẻ ATM nội địa, Visa/Mastercard và ví điện tử Momo. Nếu thanh toán online bị trừ tiền nhưng đơn chưa xác nhận, khách cung cấp số điện thoại đặt hàng, mã giao dịch và ảnh chụp biên lai để nhân viên kiểm tra trong 24 giờ làm việc.",policy_payment,False,answer
qa_0157,policy_payment,Có thanh toán qua Momo không?,"TechCare hỗ trợ COD, chuyển khoản ngân hàng, thẻ ATM nội địa, Visa/Mastercard và ví điện tử Momo. Nếu thanh toán online bị trừ tiền nhưng đơn chưa xác nhận, khách cung cấp số điện thoại đặt hàng, mã giao dịch và ảnh chụp biên lai để nhân viên kiểm tra trong 24 giờ làm việc.",policy_payment,False,answer
qa_0158,policy_payment,Đơn giá trị cao nên thanh toán kiểu gì?,"TechCare hỗ trợ COD, chuyển khoản ngân hàng, thẻ ATM nội địa, Visa/Mastercard và ví điện tử Momo. Nếu thanh toán online bị trừ tiền nhưng đơn chưa xác nhận, khách cung cấp số điện thoại đặt hàng, mã giao dịch và ảnh chụp biên lai để nhân viên kiểm tra trong 24 giờ làm việc.",policy_payment,False,answer
qa_0159,policy_ticket,Khi nào cần tạo ticket?,"Chatbot nên tạo ticket khi khách cần kiểm tra đơn hàng, lỗi kỹ thuật, bảo hành, đổi trả, hoàn tiền, thanh toán lỗi, tư vấn cấu hình chi tiết hoặc câu hỏi vượt ngoài dữ liệu RAG. Thông tin cần có: họ tên, số điện thoại, email nếu có, mã đơn hàng nếu có, tên sản phẩm, số serial nếu có, vấn đề cần hỗ trợ và hình ảnh/video minh chứng. SLA phản hồi là trong 24 giờ làm việc.",policy_ticket,False,answer
qa_0160,policy_ticket,Muốn gặp nhân viên thì làm sao?,"Chatbot nên tạo ticket khi khách cần kiểm tra đơn hàng, lỗi kỹ thuật, bảo hành, đổi trả, hoàn tiền, thanh toán lỗi, tư vấn cấu hình chi tiết hoặc câu hỏi vượt ngoài dữ liệu RAG. Thông tin cần có: họ tên, số điện thoại, email nếu có, mã đơn hàng nếu có, tên sản phẩm, số serial nếu có, vấn đề cần hỗ trợ và hình ảnh/video minh chứng. SLA phản hồi là trong 24 giờ làm việc.",policy_ticket,False,answer
qa_0161,policy_ticket,Tôi cần hỗ trợ kỹ thuật thì cung cấp gì?,"Chatbot nên tạo ticket khi khách cần kiểm tra đơn hàng, lỗi kỹ thuật, bảo hành, đổi trả, hoàn tiền, thanh toán lỗi, tư vấn cấu hình chi tiết hoặc câu hỏi vượt ngoài dữ liệu RAG. Thông tin cần có: họ tên, số điện thoại, email nếu có, mã đơn hàng nếu có, tên sản phẩm, số serial nếu có, vấn đề cần hỗ trợ và hình ảnh/video minh chứng. SLA phản hồi là trong 24 giờ làm việc.",policy_ticket,False,answer
qa_0162,policy_ticket,Tạo ticket cần thông tin nào?,"Chatbot nên tạo ticket khi khách cần kiểm tra đơn hàng, lỗi kỹ thuật, bảo hành, đổi trả, hoàn tiền, thanh toán lỗi, tư vấn cấu hình chi tiết hoặc câu hỏi vượt ngoài dữ liệu RAG. Thông tin cần có: họ tên, số điện thoại, email nếu có, mã đơn hàng nếu có, tên sản phẩm, số serial nếu có, vấn đề cần hỗ trợ và hình ảnh/video minh chứng. SLA phản hồi là trong 24 giờ làm việc.",policy_ticket,False,answer
qa_0163,policy_ticket,Bao lâu thì nhân viên phản hồi ticket?,"Chatbot nên tạo ticket khi khách cần kiểm tra đơn hàng, lỗi kỹ thuật, bảo hành, đổi trả, hoàn tiền, thanh toán lỗi, tư vấn cấu hình chi tiết hoặc câu hỏi vượt ngoài dữ liệu RAG. Thông tin cần có: họ tên, số điện thoại, email nếu có, mã đơn hàng nếu có, tên sản phẩm, số serial nếu có, vấn đề cần hỗ trợ và hình ảnh/video minh chứng. SLA phản hồi là trong 24 giờ làm việc.",policy_ticket,False,answer
qa_0164,order_lookup,Đơn TCDH1001 đang ở đâu?,"Mã đơn TCDH1001 hiện đã giao thành công ngày 05/07/2026, gồm 1 Laptop NovaBook Air 14 màu bạc.",order_TCDH1001,False,answer
qa_0165,order_lookup,Kiểm tra giúp mình đơn hàng TCDH1001,"Mã đơn TCDH1001 hiện đã giao thành công ngày 05/07/2026, gồm 1 Laptop NovaBook Air 14 màu bạc.",order_TCDH1001,False,answer
qa_0166,order_lookup,Tình trạng đơn TCDH1001 thế nào?,"Mã đơn TCDH1001 hiện đã giao thành công ngày 05/07/2026, gồm 1 Laptop NovaBook Air 14 màu bạc.",order_TCDH1001,False,answer
qa_0167,order_lookup,Đơn hàng TCDH1001 giao chưa?,"Mã đơn TCDH1001 hiện đã giao thành công ngày 05/07/2026, gồm 1 Laptop NovaBook Air 14 màu bạc.",order_TCDH1001,False,answer
qa_0168,order_lookup,Đơn TCDH1007 đang ở đâu?,"Mã đơn TCDH1007 hiện đang vận chuyển, dự kiến giao trong ngày 07/07/2026, gồm 1 Tai nghe SonicBuds Pro màu đen.",order_TCDH1007,False,answer
qa_0169,order_lookup,Kiểm tra giúp mình đơn hàng TCDH1007,"Mã đơn TCDH1007 hiện đang vận chuyển, dự kiến giao trong ngày 07/07/2026, gồm 1 Tai nghe SonicBuds Pro màu đen.",order_TCDH1007,False,answer
qa_0170,order_lookup,Tình trạng đơn TCDH1007 thế nào?,"Mã đơn TCDH1007 hiện đang vận chuyển, dự kiến giao trong ngày 07/07/2026, gồm 1 Tai nghe SonicBuds Pro màu đen.",order_TCDH1007,False,answer
qa_0171,order_lookup,Đơn hàng TCDH1007 giao chưa?,"Mã đơn TCDH1007 hiện đang vận chuyển, dự kiến giao trong ngày 07/07/2026, gồm 1 Tai nghe SonicBuds Pro màu đen.",order_TCDH1007,False,answer
qa_0172,order_lookup,Đơn TCDH1012 đang ở đâu?,"Mã đơn TCDH1012 hiện đang chờ xác nhận thanh toán online, nhân viên cần kiểm tra giao dịch trước khi đóng gói, gồm 1 Điện thoại PixelOne Pro X màu xanh.",order_TCDH1012,False,answer
qa_0173,order_lookup,Kiểm tra giúp mình đơn hàng TCDH1012,"Mã đơn TCDH1012 hiện đang chờ xác nhận thanh toán online, nhân viên cần kiểm tra giao dịch trước khi đóng gói, gồm 1 Điện thoại PixelOne Pro X màu xanh.",order_TCDH1012,False,answer
qa_0174,order_lookup,Tình trạng đơn TCDH1012 thế nào?,"Mã đơn TCDH1012 hiện đang chờ xác nhận thanh toán online, nhân viên cần kiểm tra giao dịch trước khi đóng gói, gồm 1 Điện thoại PixelOne Pro X màu xanh.",order_TCDH1012,False,answer
qa_0175,order_lookup,Đơn hàng TCDH1012 giao chưa?,"Mã đơn TCDH1012 hiện đang chờ xác nhận thanh toán online, nhân viên cần kiểm tra giao dịch trước khi đóng gói, gồm 1 Điện thoại PixelOne Pro X màu xanh.",order_TCDH1012,False,answer
qa_0176,order_lookup,Đơn TCDH1020 đang ở đâu?,"Mã đơn TCDH1020 hiện đang đóng gói tại kho TP.HCM, gồm 1 Sạc dự phòng VoltPack 20K.",order_TCDH1020,False,answer
qa_0177,order_lookup,Kiểm tra giúp mình đơn hàng TCDH1020,"Mã đơn TCDH1020 hiện đang đóng gói tại kho TP.HCM, gồm 1 Sạc dự phòng VoltPack 20K.",order_TCDH1020,False,answer
qa_0178,order_lookup,Tình trạng đơn TCDH1020 thế nào?,"Mã đơn TCDH1020 hiện đang đóng gói tại kho TP.HCM, gồm 1 Sạc dự phòng VoltPack 20K.",order_TCDH1020,False,answer
qa_0179,order_lookup,Đơn hàng TCDH1020 giao chưa?,"Mã đơn TCDH1020 hiện đang đóng gói tại kho TP.HCM, gồm 1 Sạc dự phòng VoltPack 20K.",order_TCDH1020,False,answer
qa_0180,order_lookup,Đơn TCDH1028 đang ở đâu?,"Mã đơn TCDH1028 hiện giao không thành công lần 1 vì không liên hệ được người nhận, gồm 1 Máy tính bảng TabLearn 11.",order_TCDH1028,False,answer
qa_0181,order_lookup,Kiểm tra giúp mình đơn hàng TCDH1028,"Mã đơn TCDH1028 hiện giao không thành công lần 1 vì không liên hệ được người nhận, gồm 1 Máy tính bảng TabLearn 11.",order_TCDH1028,False,answer
qa_0182,order_lookup,Tình trạng đơn TCDH1028 thế nào?,"Mã đơn TCDH1028 hiện giao không thành công lần 1 vì không liên hệ được người nhận, gồm 1 Máy tính bảng TabLearn 11.",order_TCDH1028,False,answer
qa_0183,order_lookup,Đơn hàng TCDH1028 giao chưa?,"Mã đơn TCDH1028 hiện giao không thành công lần 1 vì không liên hệ được người nhận, gồm 1 Máy tính bảng TabLearn 11.",order_TCDH1028,False,answer
qa_0184,support_ticket,Laptop của mình bị màn hình xanh thì làm sao?,"Mình cần tạo ticket để nhân viên kiểm tra. Bạn vui lòng cung cấp họ tên, số điện thoại, mã đơn hàng, tên sản phẩm, mô tả lỗi và hình ảnh/video minh chứng nếu có. Nhân viên TechCare sẽ phản hồi trong 24 giờ làm việc.","policy_ticket, policy_warranty",True,create_ticket
qa_0185,support_ticket,Máy mới mua bị nóng bất thường,"Mình cần tạo ticket để nhân viên kiểm tra. Bạn vui lòng cung cấp họ tên, số điện thoại, mã đơn hàng, tên sản phẩm, mô tả lỗi và hình ảnh/video minh chứng nếu có. Nhân viên TechCare sẽ phản hồi trong 24 giờ làm việc.","policy_ticket, policy_warranty",True,create_ticket
qa_0186,support_ticket,Điện thoại sạc không vào pin,"Mình cần tạo ticket để nhân viên kiểm tra. Bạn vui lòng cung cấp họ tên, số điện thoại, mã đơn hàng, tên sản phẩm, mô tả lỗi và hình ảnh/video minh chứng nếu có. Nhân viên TechCare sẽ phản hồi trong 24 giờ làm việc.","policy_ticket, policy_warranty",True,create_ticket
qa_0187,support_ticket,Tai nghe một bên không nghe được,"Mình cần tạo ticket để nhân viên kiểm tra. Bạn vui lòng cung cấp họ tên, số điện thoại, mã đơn hàng, tên sản phẩm, mô tả lỗi và hình ảnh/video minh chứng nếu có. Nhân viên TechCare sẽ phản hồi trong 24 giờ làm việc.","policy_ticket, policy_warranty",True,create_ticket
qa_0188,support_ticket,Laptop bị lỗi bàn phím sau vài ngày sử dụng,"Mình cần tạo ticket để nhân viên kiểm tra. Bạn vui lòng cung cấp họ tên, số điện thoại, mã đơn hàng, tên sản phẩm, mô tả lỗi và hình ảnh/video minh chứng nếu có. Nhân viên TechCare sẽ phản hồi trong 24 giờ làm việc.","policy_ticket, policy_warranty",True,create_ticket
qa_0189,support_ticket,Máy bị vô nước có được bảo hành không?,"Mình cần tạo ticket để nhân viên kiểm tra. Bạn vui lòng cung cấp họ tên, số điện thoại, mã đơn hàng, tên sản phẩm, mô tả lỗi và hình ảnh/video minh chứng nếu có. Nhân viên TechCare sẽ phản hồi trong 24 giờ làm việc.","policy_ticket, policy_warranty",True,create_ticket
qa_0190,support_ticket,Sản phẩm giao tới bị trầy xước,"Mình cần tạo ticket để nhân viên kiểm tra. Bạn vui lòng cung cấp họ tên, số điện thoại, mã đơn hàng, tên sản phẩm, mô tả lỗi và hình ảnh/video minh chứng nếu có. Nhân viên TechCare sẽ phản hồi trong 24 giờ làm việc.","policy_ticket, policy_warranty",True,create_ticket
qa_0191,support_ticket,Mình muốn hoàn tiền vì sản phẩm bị lỗi,"Mình cần tạo ticket để nhân viên kiểm tra. Bạn vui lòng cung cấp họ tên, số điện thoại, mã đơn hàng, tên sản phẩm, mô tả lỗi và hình ảnh/video minh chứng nếu có. Nhân viên TechCare sẽ phản hồi trong 24 giờ làm việc.","policy_ticket, policy_warranty",True,create_ticket
qa_0192,support_ticket,Đơn hàng giao sai sản phẩm,"Mình cần tạo ticket để nhân viên kiểm tra. Bạn vui lòng cung cấp họ tên, số điện thoại, mã đơn hàng, tên sản phẩm, mô tả lỗi và hình ảnh/video minh chứng nếu có. Nhân viên TechCare sẽ phản hồi trong 24 giờ làm việc.","policy_ticket, policy_warranty",True,create_ticket
qa_0193,support_ticket,Thanh toán rồi nhưng chưa thấy xác nhận đơn,"Mình cần tạo ticket để nhân viên kiểm tra. Bạn vui lòng cung cấp họ tên, số điện thoại, mã đơn hàng, tên sản phẩm, mô tả lỗi và hình ảnh/video minh chứng nếu có. Nhân viên TechCare sẽ phản hồi trong 24 giờ làm việc.","policy_ticket, policy_warranty",True,create_ticket
qa_0194,fallback,Shop có bán máy giặt không?,Mình chưa có đủ thông tin để xác nhận nội dung này trong dữ liệu hiện tại. Mình có thể tạo ticket để nhân viên TechCare kiểm tra và tư vấn chính xác hơn cho bạn.,policy_ticket,True,handoff
qa_0195,fallback,TechCare có sửa tủ lạnh không?,Mình chưa có đủ thông tin để xác nhận nội dung này trong dữ liệu hiện tại. Mình có thể tạo ticket để nhân viên TechCare kiểm tra và tư vấn chính xác hơn cho bạn.,policy_ticket,True,handoff
qa_0196,fallback,Có bán điều hòa không?,Mình chưa có đủ thông tin để xác nhận nội dung này trong dữ liệu hiện tại. Mình có thể tạo ticket để nhân viên TechCare kiểm tra và tư vấn chính xác hơn cho bạn.,policy_ticket,True,handoff
qa_0197,fallback,Mình muốn mua xe máy điện,Mình chưa có đủ thông tin để xác nhận nội dung này trong dữ liệu hiện tại. Mình có thể tạo ticket để nhân viên TechCare kiểm tra và tư vấn chính xác hơn cho bạn.,policy_ticket,True,handoff
qa_0198,fallback,Shop có bán bàn ghế gaming không?,Mình chưa có đủ thông tin để xác nhận nội dung này trong dữ liệu hiện tại. Mình có thể tạo ticket để nhân viên TechCare kiểm tra và tư vấn chính xác hơn cho bạn.,policy_ticket,True,handoff
qa_0199,fallback,Có dịch vụ lắp camera tại nhà không?,Mình chưa có đủ thông tin để xác nhận nội dung này trong dữ liệu hiện tại. Mình có thể tạo ticket để nhân viên TechCare kiểm tra và tư vấn chính xác hơn cho bạn.,policy_ticket,True,handoff
qa_0200,fallback,Có bán linh kiện mainboard rời không?,Mình chưa có đủ thông tin để xác nhận nội dung này trong dữ liệu hiện tại. Mình có thể tạo ticket để nhân viên TechCare kiểm tra và tư vấn chính xác hơn cho bạn.,policy_ticket,True,handoff
qa_0201,fallback,Có nhận unlock điện thoại không?,Mình chưa có đủ thông tin để xác nhận nội dung này trong dữ liệu hiện tại. Mình có thể tạo ticket để nhân viên TechCare kiểm tra và tư vấn chính xác hơn cho bạn.,policy_ticket,True,handoff
qa_0202,fallback,Có bán máy ảnh chuyên nghiệp không?,Mình chưa có đủ thông tin để xác nhận nội dung này trong dữ liệu hiện tại. Mình có thể tạo ticket để nhân viên TechCare kiểm tra và tư vấn chính xác hơn cho bạn.,policy_ticket,True,handoff
qa_0203,fallback,Có thay pin laptop tại nhà không?,Mình chưa có đủ thông tin để xác nhận nội dung này trong dữ liệu hiện tại. Mình có thể tạo ticket để nhân viên TechCare kiểm tra và tư vấn chính xác hơn cho bạn.,policy_ticket,True,handoff
qa_0204,product_price,"Ad ơi, laptop NovaBook Air 14 giá bao nhiêu?",Laptop NovaBook Air 14 hiện có giá niêm yết 14.990.000 VND. Giá thực tế có thể thay đổi nếu áp dụng voucher hoặc chương trình khuyến mãi.,TC-LT-001,False,answer
qa_0205,product_price,Cho mình hỏi laptop NovaBook Air 14 giá bao nhiêu?,Laptop NovaBook Air 14 hiện có giá niêm yết 14.990.000 VND. Giá thực tế có thể thay đổi nếu áp dụng voucher hoặc chương trình khuyến mãi.,TC-LT-001,False,answer
qa_0206,product_price,Mình cần biết laptop NovaBook Air 14 giá bao nhiêu?,Laptop NovaBook Air 14 hiện có giá niêm yết 14.990.000 VND. Giá thực tế có thể thay đổi nếu áp dụng voucher hoặc chương trình khuyến mãi.,TC-LT-001,False,answer
qa_0207,product_price,Bạn tư vấn giúp mình: laptop NovaBook Air 14 giá bao nhiêu?,Laptop NovaBook Air 14 hiện có giá niêm yết 14.990.000 VND. Giá thực tế có thể thay đổi nếu áp dụng voucher hoặc chương trình khuyến mãi.,TC-LT-001,False,answer
qa_0208,product_price,"Shop ơi, laptop NovaBook Air 14 giá bao nhiêu?",Laptop NovaBook Air 14 hiện có giá niêm yết 14.990.000 VND. Giá thực tế có thể thay đổi nếu áp dụng voucher hoặc chương trình khuyến mãi.,TC-LT-001,False,answer
qa_0209,product_price,"Ad ơi, cho mình hỏi giá Laptop NovaBook Air 14 với",Laptop NovaBook Air 14 hiện có giá niêm yết 14.990.000 VND. Giá thực tế có thể thay đổi nếu áp dụng voucher hoặc chương trình khuyến mãi.,TC-LT-001,False,answer
qa_0210,product_price,Cho mình hỏi cho mình hỏi giá Laptop NovaBook Air 14 với,Laptop NovaBook Air 14 hiện có giá niêm yết 14.990.000 VND. Giá thực tế có thể thay đổi nếu áp dụng voucher hoặc chương trình khuyến mãi.,TC-LT-001,False,answer
qa_0211,product_price,Mình cần biết cho mình hỏi giá Laptop NovaBook Air 14 với,Laptop NovaBook Air 14 hiện có giá niêm yết 14.990.000 VND. Giá thực tế có thể thay đổi nếu áp dụng voucher hoặc chương trình khuyến mãi.,TC-LT-001,False,answer
qa_0212,product_price,Bạn tư vấn giúp mình: cho mình hỏi giá Laptop NovaBook Air 14 với,Laptop NovaBook Air 14 hiện có giá niêm yết 14.990.000 VND. Giá thực tế có thể thay đổi nếu áp dụng voucher hoặc chương trình khuyến mãi.,TC-LT-001,False,answer
qa_0213,product_price,"Shop ơi, cho mình hỏi giá Laptop NovaBook Air 14 với",Laptop NovaBook Air 14 hiện có giá niêm yết 14.990.000 VND. Giá thực tế có thể thay đổi nếu áp dụng voucher hoặc chương trình khuyến mãi.,TC-LT-001,False,answer
qa_0214,product_price,"Ad ơi, laptop NovaBook Air 14 hiện đang bán giá nào?",Laptop NovaBook Air 14 hiện có giá niêm yết 14.990.000 VND. Giá thực tế có thể thay đổi nếu áp dụng voucher hoặc chương trình khuyến mãi.,TC-LT-001,False,answer
qa_0215,product_price,Cho mình hỏi laptop NovaBook Air 14 hiện đang bán giá nào?,Laptop NovaBook Air 14 hiện có giá niêm yết 14.990.000 VND. Giá thực tế có thể thay đổi nếu áp dụng voucher hoặc chương trình khuyến mãi.,TC-LT-001,False,answer
qa_0216,product_price,Mình cần biết laptop NovaBook Air 14 hiện đang bán giá nào?,Laptop NovaBook Air 14 hiện có giá niêm yết 14.990.000 VND. Giá thực tế có thể thay đổi nếu áp dụng voucher hoặc chương trình khuyến mãi.,TC-LT-001,False,answer
qa_0217,product_price,Bạn tư vấn giúp mình: laptop NovaBook Air 14 hiện đang bán giá nào?,Laptop NovaBook Air 14 hiện có giá niêm yết 14.990.000 VND. Giá thực tế có thể thay đổi nếu áp dụng voucher hoặc chương trình khuyến mãi.,TC-LT-001,False,answer
qa_0218,product_price,"Shop ơi, laptop NovaBook Air 14 hiện đang bán giá nào?",Laptop NovaBook Air 14 hiện có giá niêm yết 14.990.000 VND. Giá thực tế có thể thay đổi nếu áp dụng voucher hoặc chương trình khuyến mãi.,TC-LT-001,False,answer
qa_0219,product_price,"Ad ơi, sản phẩm Laptop NovaBook Air 14 bao nhiêu tiền?",Laptop NovaBook Air 14 hiện có giá niêm yết 14.990.000 VND. Giá thực tế có thể thay đổi nếu áp dụng voucher hoặc chương trình khuyến mãi.,TC-LT-001,False,answer
qa_0220,product_price,Cho mình hỏi sản phẩm Laptop NovaBook Air 14 bao nhiêu tiền?,Laptop NovaBook Air 14 hiện có giá niêm yết 14.990.000 VND. Giá thực tế có thể thay đổi nếu áp dụng voucher hoặc chương trình khuyến mãi.,TC-LT-001,False,answer
qa_0221,product_price,Mình cần biết sản phẩm Laptop NovaBook Air 14 bao nhiêu tiền?,Laptop NovaBook Air 14 hiện có giá niêm yết 14.990.000 VND. Giá thực tế có thể thay đổi nếu áp dụng voucher hoặc chương trình khuyến mãi.,TC-LT-001,False,answer
qa_0222,product_price,Bạn tư vấn giúp mình: sản phẩm Laptop NovaBook Air 14 bao nhiêu tiền?,Laptop NovaBook Air 14 hiện có giá niêm yết 14.990.000 VND. Giá thực tế có thể thay đổi nếu áp dụng voucher hoặc chương trình khuyến mãi.,TC-LT-001,False,answer
qa_0223,product_price,"Shop ơi, sản phẩm Laptop NovaBook Air 14 bao nhiêu tiền?",Laptop NovaBook Air 14 hiện có giá niêm yết 14.990.000 VND. Giá thực tế có thể thay đổi nếu áp dụng voucher hoặc chương trình khuyến mãi.,TC-LT-001,False,answer
qa_0224,product_price,"Ad ơi, báo giá giúp mình Laptop NovaBook Air 14",Laptop NovaBook Air 14 hiện có giá niêm yết 14.990.000 VND. Giá thực tế có thể thay đổi nếu áp dụng voucher hoặc chương trình khuyến mãi.,TC-LT-001,False,answer
qa_0225,product_price,Cho mình hỏi báo giá giúp mình Laptop NovaBook Air 14,Laptop NovaBook Air 14 hiện có giá niêm yết 14.990.000 VND. Giá thực tế có thể thay đổi nếu áp dụng voucher hoặc chương trình khuyến mãi.,TC-LT-001,False,answer
qa_0226,product_price,Mình cần biết báo giá giúp mình Laptop NovaBook Air 14,Laptop NovaBook Air 14 hiện có giá niêm yết 14.990.000 VND. Giá thực tế có thể thay đổi nếu áp dụng voucher hoặc chương trình khuyến mãi.,TC-LT-001,False,answer
qa_0227,product_price,Bạn tư vấn giúp mình: báo giá giúp mình Laptop NovaBook Air 14,Laptop NovaBook Air 14 hiện có giá niêm yết 14.990.000 VND. Giá thực tế có thể thay đổi nếu áp dụng voucher hoặc chương trình khuyến mãi.,TC-LT-001,False,answer
qa_0228,product_price,"Shop ơi, báo giá giúp mình Laptop NovaBook Air 14",Laptop NovaBook Air 14 hiện có giá niêm yết 14.990.000 VND. Giá thực tế có thể thay đổi nếu áp dụng voucher hoặc chương trình khuyến mãi.,TC-LT-001,False,answer
qa_0229,product_info,"Ad ơi, laptop NovaBook Air 14 cấu hình thế nào?","Laptop NovaBook Air 14 có thông tin chính: Intel Core i5 thế hệ 13, RAM 16GB, SSD 512GB, màn hình 14 inch Full HD, pin 7-9 giờ. Sản phẩm phù hợp với nhu cầu sinh viên, nhân viên văn phòng, học online, Word, Excel, PowerPoint, lập trình cơ bản và thiết kế nhẹ.",TC-LT-001,False,answer
qa_0230,product_info,Cho mình hỏi laptop NovaBook Air 14 cấu hình thế nào?,"Laptop NovaBook Air 14 có thông tin chính: Intel Core i5 thế hệ 13, RAM 16GB, SSD 512GB, màn hình 14 inch Full HD, pin 7-9 giờ. Sản phẩm phù hợp với nhu cầu sinh viên, nhân viên văn phòng, học online, Word, Excel, PowerPoint, lập trình cơ bản và thiết kế nhẹ.",TC-LT-001,False,answer
qa_0231,product_info,Mình cần biết laptop NovaBook Air 14 cấu hình thế nào?,"Laptop NovaBook Air 14 có thông tin chính: Intel Core i5 thế hệ 13, RAM 16GB, SSD 512GB, màn hình 14 inch Full HD, pin 7-9 giờ. Sản phẩm phù hợp với nhu cầu sinh viên, nhân viên văn phòng, học online, Word, Excel, PowerPoint, lập trình cơ bản và thiết kế nhẹ.",TC-LT-001,False,answer
qa_0232,product_info,Bạn tư vấn giúp mình: laptop NovaBook Air 14 cấu hình thế nào?,"Laptop NovaBook Air 14 có thông tin chính: Intel Core i5 thế hệ 13, RAM 16GB, SSD 512GB, màn hình 14 inch Full HD, pin 7-9 giờ. Sản phẩm phù hợp với nhu cầu sinh viên, nhân viên văn phòng, học online, Word, Excel, PowerPoint, lập trình cơ bản và thiết kế nhẹ.",TC-LT-001,False,answer
qa_0233,product_info,"Shop ơi, laptop NovaBook Air 14 cấu hình thế nào?","Laptop NovaBook Air 14 có thông tin chính: Intel Core i5 thế hệ 13, RAM 16GB, SSD 512GB, màn hình 14 inch Full HD, pin 7-9 giờ. Sản phẩm phù hợp với nhu cầu sinh viên, nhân viên văn phòng, học online, Word, Excel, PowerPoint, lập trình cơ bản và thiết kế nhẹ.",TC-LT-001,False,answer
qa_0234,product_info,"Ad ơi, thông số chính của Laptop NovaBook Air 14 là gì?","Laptop NovaBook Air 14 có thông tin chính: Intel Core i5 thế hệ 13, RAM 16GB, SSD 512GB, màn hình 14 inch Full HD, pin 7-9 giờ. Sản phẩm phù hợp với nhu cầu sinh viên, nhân viên văn phòng, học online, Word, Excel, PowerPoint, lập trình cơ bản và thiết kế nhẹ.",TC-LT-001,False,answer
qa_0235,product_info,Cho mình hỏi thông số chính của Laptop NovaBook Air 14 là gì?,"Laptop NovaBook Air 14 có thông tin chính: Intel Core i5 thế hệ 13, RAM 16GB, SSD 512GB, màn hình 14 inch Full HD, pin 7-9 giờ. Sản phẩm phù hợp với nhu cầu sinh viên, nhân viên văn phòng, học online, Word, Excel, PowerPoint, lập trình cơ bản và thiết kế nhẹ.",TC-LT-001,False,answer
qa_0236,product_info,Mình cần biết thông số chính của Laptop NovaBook Air 14 là gì?,"Laptop NovaBook Air 14 có thông tin chính: Intel Core i5 thế hệ 13, RAM 16GB, SSD 512GB, màn hình 14 inch Full HD, pin 7-9 giờ. Sản phẩm phù hợp với nhu cầu sinh viên, nhân viên văn phòng, học online, Word, Excel, PowerPoint, lập trình cơ bản và thiết kế nhẹ.",TC-LT-001,False,answer
qa_0237,product_info,Bạn tư vấn giúp mình: thông số chính của Laptop NovaBook Air 14 là gì?,"Laptop NovaBook Air 14 có thông tin chính: Intel Core i5 thế hệ 13, RAM 16GB, SSD 512GB, màn hình 14 inch Full HD, pin 7-9 giờ. Sản phẩm phù hợp với nhu cầu sinh viên, nhân viên văn phòng, học online, Word, Excel, PowerPoint, lập trình cơ bản và thiết kế nhẹ.",TC-LT-001,False,answer
qa_0238,product_info,"Shop ơi, thông số chính của Laptop NovaBook Air 14 là gì?","Laptop NovaBook Air 14 có thông tin chính: Intel Core i5 thế hệ 13, RAM 16GB, SSD 512GB, màn hình 14 inch Full HD, pin 7-9 giờ. Sản phẩm phù hợp với nhu cầu sinh viên, nhân viên văn phòng, học online, Word, Excel, PowerPoint, lập trình cơ bản và thiết kế nhẹ.",TC-LT-001,False,answer
qa_0239,product_info,"Ad ơi, laptop NovaBook Air 14 có điểm gì nổi bật?","Laptop NovaBook Air 14 có thông tin chính: Intel Core i5 thế hệ 13, RAM 16GB, SSD 512GB, màn hình 14 inch Full HD, pin 7-9 giờ. Sản phẩm phù hợp với nhu cầu sinh viên, nhân viên văn phòng, học online, Word, Excel, PowerPoint, lập trình cơ bản và thiết kế nhẹ.",TC-LT-001,False,answer
qa_0240,product_info,Cho mình hỏi laptop NovaBook Air 14 có điểm gì nổi bật?,"Laptop NovaBook Air 14 có thông tin chính: Intel Core i5 thế hệ 13, RAM 16GB, SSD 512GB, màn hình 14 inch Full HD, pin 7-9 giờ. Sản phẩm phù hợp với nhu cầu sinh viên, nhân viên văn phòng, học online, Word, Excel, PowerPoint, lập trình cơ bản và thiết kế nhẹ.",TC-LT-001,False,answer
qa_0241,product_info,Mình cần biết laptop NovaBook Air 14 có điểm gì nổi bật?,"Laptop NovaBook Air 14 có thông tin chính: Intel Core i5 thế hệ 13, RAM 16GB, SSD 512GB, màn hình 14 inch Full HD, pin 7-9 giờ. Sản phẩm phù hợp với nhu cầu sinh viên, nhân viên văn phòng, học online, Word, Excel, PowerPoint, lập trình cơ bản và thiết kế nhẹ.",TC-LT-001,False,answer
qa_0242,product_info,Bạn tư vấn giúp mình: laptop NovaBook Air 14 có điểm gì nổi bật?,"Laptop NovaBook Air 14 có thông tin chính: Intel Core i5 thế hệ 13, RAM 16GB, SSD 512GB, màn hình 14 inch Full HD, pin 7-9 giờ. Sản phẩm phù hợp với nhu cầu sinh viên, nhân viên văn phòng, học online, Word, Excel, PowerPoint, lập trình cơ bản và thiết kế nhẹ.",TC-LT-001,False,answer
qa_0243,product_info,"Shop ơi, laptop NovaBook Air 14 có điểm gì nổi bật?","Laptop NovaBook Air 14 có thông tin chính: Intel Core i5 thế hệ 13, RAM 16GB, SSD 512GB, màn hình 14 inch Full HD, pin 7-9 giờ. Sản phẩm phù hợp với nhu cầu sinh viên, nhân viên văn phòng, học online, Word, Excel, PowerPoint, lập trình cơ bản và thiết kế nhẹ.",TC-LT-001,False,answer
qa_0244,product_info,"Ad ơi, mô tả nhanh giúp mình Laptop NovaBook Air 14","Laptop NovaBook Air 14 có thông tin chính: Intel Core i5 thế hệ 13, RAM 16GB, SSD 512GB, màn hình 14 inch Full HD, pin 7-9 giờ. Sản phẩm phù hợp với nhu cầu sinh viên, nhân viên văn phòng, học online, Word, Excel, PowerPoint, lập trình cơ bản và thiết kế nhẹ.",TC-LT-001,False,answer
qa_0245,product_info,Cho mình hỏi mô tả nhanh giúp mình Laptop NovaBook Air 14,"Laptop NovaBook Air 14 có thông tin chính: Intel Core i5 thế hệ 13, RAM 16GB, SSD 512GB, màn hình 14 inch Full HD, pin 7-9 giờ. Sản phẩm phù hợp với nhu cầu sinh viên, nhân viên văn phòng, học online, Word, Excel, PowerPoint, lập trình cơ bản và thiết kế nhẹ.",TC-LT-001,False,answer
qa_0246,product_info,Mình cần biết mô tả nhanh giúp mình Laptop NovaBook Air 14,"Laptop NovaBook Air 14 có thông tin chính: Intel Core i5 thế hệ 13, RAM 16GB, SSD 512GB, màn hình 14 inch Full HD, pin 7-9 giờ. Sản phẩm phù hợp với nhu cầu sinh viên, nhân viên văn phòng, học online, Word, Excel, PowerPoint, lập trình cơ bản và thiết kế nhẹ.",TC-LT-001,False,answer
qa_0247,product_info,Bạn tư vấn giúp mình: mô tả nhanh giúp mình Laptop NovaBook Air 14,"Laptop NovaBook Air 14 có thông tin chính: Intel Core i5 thế hệ 13, RAM 16GB, SSD 512GB, màn hình 14 inch Full HD, pin 7-9 giờ. Sản phẩm phù hợp với nhu cầu sinh viên, nhân viên văn phòng, học online, Word, Excel, PowerPoint, lập trình cơ bản và thiết kế nhẹ.",TC-LT-001,False,answer
qa_0248,product_info,"Shop ơi, mô tả nhanh giúp mình Laptop NovaBook Air 14","Laptop NovaBook Air 14 có thông tin chính: Intel Core i5 thế hệ 13, RAM 16GB, SSD 512GB, màn hình 14 inch Full HD, pin 7-9 giờ. Sản phẩm phù hợp với nhu cầu sinh viên, nhân viên văn phòng, học online, Word, Excel, PowerPoint, lập trình cơ bản và thiết kế nhẹ.",TC-LT-001,False,answer
qa_0249,product_info,"Ad ơi, laptop NovaBook Air 14 phù hợp với nhu cầu nào?","Laptop NovaBook Air 14 có thông tin chính: Intel Core i5 thế hệ 13, RAM 16GB, SSD 512GB, màn hình 14 inch Full HD, pin 7-9 giờ. Sản phẩm phù hợp với nhu cầu sinh viên, nhân viên văn phòng, học online, Word, Excel, PowerPoint, lập trình cơ bản và thiết kế nhẹ.",TC-LT-001,False,answer
qa_0250,product_info,Cho mình hỏi laptop NovaBook Air 14 phù hợp với nhu cầu nào?,"Laptop NovaBook Air 14 có thông tin chính: Intel Core i5 thế hệ 13, RAM 16GB, SSD 512GB, màn hình 14 inch Full HD, pin 7-9 giờ. Sản phẩm phù hợp với nhu cầu sinh viên, nhân viên văn phòng, học online, Word, Excel, PowerPoint, lập trình cơ bản và thiết kế nhẹ.",TC-LT-001,False,answer
qa_0251,product_info,Mình cần biết laptop NovaBook Air 14 phù hợp với nhu cầu nào?,"Laptop NovaBook Air 14 có thông tin chính: Intel Core i5 thế hệ 13, RAM 16GB, SSD 512GB, màn hình 14 inch Full HD, pin 7-9 giờ. Sản phẩm phù hợp với nhu cầu sinh viên, nhân viên văn phòng, học online, Word, Excel, PowerPoint, lập trình cơ bản và thiết kế nhẹ.",TC-LT-001,False,answer
qa_0252,product_info,Bạn tư vấn giúp mình: laptop NovaBook Air 14 phù hợp với nhu cầu nào?,"Laptop NovaBook Air 14 có thông tin chính: Intel Core i5 thế hệ 13, RAM 16GB, SSD 512GB, màn hình 14 inch Full HD, pin 7-9 giờ. Sản phẩm phù hợp với nhu cầu sinh viên, nhân viên văn phòng, học online, Word, Excel, PowerPoint, lập trình cơ bản và thiết kế nhẹ.",TC-LT-001,False,answer
qa_0253,product_info,"Shop ơi, laptop NovaBook Air 14 phù hợp với nhu cầu nào?","Laptop NovaBook Air 14 có thông tin chính: Intel Core i5 thế hệ 13, RAM 16GB, SSD 512GB, màn hình 14 inch Full HD, pin 7-9 giờ. Sản phẩm phù hợp với nhu cầu sinh viên, nhân viên văn phòng, học online, Word, Excel, PowerPoint, lập trình cơ bản và thiết kế nhẹ.",TC-LT-001,False,answer
qa_0254,product_warranty,"Ad ơi, laptop NovaBook Air 14 bảo hành bao lâu?","Laptop NovaBook Air 14 được bảo hành 24 tháng. Nếu cần bảo hành, bạn vui lòng cung cấp mã đơn hàng, số điện thoại mua hàng, mô tả lỗi và hình ảnh/video nếu có.","TC-LT-001, policy_warranty",False,answer
qa_0255,product_warranty,Cho mình hỏi laptop NovaBook Air 14 bảo hành bao lâu?,"Laptop NovaBook Air 14 được bảo hành 24 tháng. Nếu cần bảo hành, bạn vui lòng cung cấp mã đơn hàng, số điện thoại mua hàng, mô tả lỗi và hình ảnh/video nếu có.","TC-LT-001, policy_warranty",False,answer
qa_0256,product_warranty,Mình cần biết laptop NovaBook Air 14 bảo hành bao lâu?,"Laptop NovaBook Air 14 được bảo hành 24 tháng. Nếu cần bảo hành, bạn vui lòng cung cấp mã đơn hàng, số điện thoại mua hàng, mô tả lỗi và hình ảnh/video nếu có.","TC-LT-001, policy_warranty",False,answer
qa_0257,product_warranty,Bạn tư vấn giúp mình: laptop NovaBook Air 14 bảo hành bao lâu?,"Laptop NovaBook Air 14 được bảo hành 24 tháng. Nếu cần bảo hành, bạn vui lòng cung cấp mã đơn hàng, số điện thoại mua hàng, mô tả lỗi và hình ảnh/video nếu có.","TC-LT-001, policy_warranty",False,answer
qa_0258,product_warranty,"Shop ơi, laptop NovaBook Air 14 bảo hành bao lâu?","Laptop NovaBook Air 14 được bảo hành 24 tháng. Nếu cần bảo hành, bạn vui lòng cung cấp mã đơn hàng, số điện thoại mua hàng, mô tả lỗi và hình ảnh/video nếu có.","TC-LT-001, policy_warranty",False,answer
qa_0259,product_warranty,"Ad ơi, thời gian bảo hành của Laptop NovaBook Air 14 là mấy tháng?","Laptop NovaBook Air 14 được bảo hành 24 tháng. Nếu cần bảo hành, bạn vui lòng cung cấp mã đơn hàng, số điện thoại mua hàng, mô tả lỗi và hình ảnh/video nếu có.","TC-LT-001, policy_warranty",False,answer
qa_0260,product_warranty,Cho mình hỏi thời gian bảo hành của Laptop NovaBook Air 14 là mấy tháng?,"Laptop NovaBook Air 14 được bảo hành 24 tháng. Nếu cần bảo hành, bạn vui lòng cung cấp mã đơn hàng, số điện thoại mua hàng, mô tả lỗi và hình ảnh/video nếu có.","TC-LT-001, policy_warranty",False,answer
qa_0261,product_warranty,Mình cần biết thời gian bảo hành của Laptop NovaBook Air 14 là mấy tháng?,"Laptop NovaBook Air 14 được bảo hành 24 tháng. Nếu cần bảo hành, bạn vui lòng cung cấp mã đơn hàng, số điện thoại mua hàng, mô tả lỗi và hình ảnh/video nếu có.","TC-LT-001, policy_warranty",False,answer
qa_0262,product_warranty,Bạn tư vấn giúp mình: thời gian bảo hành của Laptop NovaBook Air 14 là mấy tháng?,"Laptop NovaBook Air 14 được bảo hành 24 tháng. Nếu cần bảo hành, bạn vui lòng cung cấp mã đơn hàng, số điện thoại mua hàng, mô tả lỗi và hình ảnh/video nếu có.","TC-LT-001, policy_warranty",False,answer
qa_0263,product_warranty,"Shop ơi, thời gian bảo hành của Laptop NovaBook Air 14 là mấy tháng?","Laptop NovaBook Air 14 được bảo hành 24 tháng. Nếu cần bảo hành, bạn vui lòng cung cấp mã đơn hàng, số điện thoại mua hàng, mô tả lỗi và hình ảnh/video nếu có.","TC-LT-001, policy_warranty",False,answer
qa_0264,product_warranty,"Ad ơi, mua Laptop NovaBook Air 14 thì được bảo hành như thế nào?","Laptop NovaBook Air 14 được bảo hành 24 tháng. Nếu cần bảo hành, bạn vui lòng cung cấp mã đơn hàng, số điện thoại mua hàng, mô tả lỗi và hình ảnh/video nếu có.","TC-LT-001, policy_warranty",False,answer
qa_0265,product_warranty,Cho mình hỏi mua Laptop NovaBook Air 14 thì được bảo hành như thế nào?,"Laptop NovaBook Air 14 được bảo hành 24 tháng. Nếu cần bảo hành, bạn vui lòng cung cấp mã đơn hàng, số điện thoại mua hàng, mô tả lỗi và hình ảnh/video nếu có.","TC-LT-001, policy_warranty",False,answer
qa_0266,product_warranty,Mình cần biết mua Laptop NovaBook Air 14 thì được bảo hành như thế nào?,"Laptop NovaBook Air 14 được bảo hành 24 tháng. Nếu cần bảo hành, bạn vui lòng cung cấp mã đơn hàng, số điện thoại mua hàng, mô tả lỗi và hình ảnh/video nếu có.","TC-LT-001, policy_warranty",False,answer
qa_0267,product_warranty,Bạn tư vấn giúp mình: mua Laptop NovaBook Air 14 thì được bảo hành như thế nào?,"Laptop NovaBook Air 14 được bảo hành 24 tháng. Nếu cần bảo hành, bạn vui lòng cung cấp mã đơn hàng, số điện thoại mua hàng, mô tả lỗi và hình ảnh/video nếu có.","TC-LT-001, policy_warranty",False,answer
qa_0268,product_warranty,"Shop ơi, mua Laptop NovaBook Air 14 thì được bảo hành như thế nào?","Laptop NovaBook Air 14 được bảo hành 24 tháng. Nếu cần bảo hành, bạn vui lòng cung cấp mã đơn hàng, số điện thoại mua hàng, mô tả lỗi và hình ảnh/video nếu có.","TC-LT-001, policy_warranty",False,answer
qa_0269,product_price,"Ad ơi, laptop GamePro 15 giá bao nhiêu?",Laptop GamePro 15 hiện có giá niêm yết 24.990.000 VND. Giá thực tế có thể thay đổi nếu áp dụng voucher hoặc chương trình khuyến mãi.,TC-LT-002,False,answer
qa_0270,product_price,Cho mình hỏi laptop GamePro 15 giá bao nhiêu?,Laptop GamePro 15 hiện có giá niêm yết 24.990.000 VND. Giá thực tế có thể thay đổi nếu áp dụng voucher hoặc chương trình khuyến mãi.,TC-LT-002,False,answer
qa_0271,product_price,Mình cần biết laptop GamePro 15 giá bao nhiêu?,Laptop GamePro 15 hiện có giá niêm yết 24.990.000 VND. Giá thực tế có thể thay đổi nếu áp dụng voucher hoặc chương trình khuyến mãi.,TC-LT-002,False,answer
qa_0272,product_price,Bạn tư vấn giúp mình: laptop GamePro 15 giá bao nhiêu?,Laptop GamePro 15 hiện có giá niêm yết 24.990.000 VND. Giá thực tế có thể thay đổi nếu áp dụng voucher hoặc chương trình khuyến mãi.,TC-LT-002,False,answer
qa_0273,product_price,"Shop ơi, laptop GamePro 15 giá bao nhiêu?",Laptop GamePro 15 hiện có giá niêm yết 24.990.000 VND. Giá thực tế có thể thay đổi nếu áp dụng voucher hoặc chương trình khuyến mãi.,TC-LT-002,False,answer
qa_0274,product_price,"Ad ơi, cho mình hỏi giá Laptop GamePro 15 với",Laptop GamePro 15 hiện có giá niêm yết 24.990.000 VND. Giá thực tế có thể thay đổi nếu áp dụng voucher hoặc chương trình khuyến mãi.,TC-LT-002,False,answer
qa_0275,product_price,Cho mình hỏi cho mình hỏi giá Laptop GamePro 15 với,Laptop GamePro 15 hiện có giá niêm yết 24.990.000 VND. Giá thực tế có thể thay đổi nếu áp dụng voucher hoặc chương trình khuyến mãi.,TC-LT-002,False,answer
qa_0276,product_price,Mình cần biết cho mình hỏi giá Laptop GamePro 15 với,Laptop GamePro 15 hiện có giá niêm yết 24.990.000 VND. Giá thực tế có thể thay đổi nếu áp dụng voucher hoặc chương trình khuyến mãi.,TC-LT-002,False,answer
qa_0277,product_price,Bạn tư vấn giúp mình: cho mình hỏi giá Laptop GamePro 15 với,Laptop GamePro 15 hiện có giá niêm yết 24.990.000 VND. Giá thực tế có thể thay đổi nếu áp dụng voucher hoặc chương trình khuyến mãi.,TC-LT-002,False,answer
qa_0278,product_price,"Shop ơi, cho mình hỏi giá Laptop GamePro 15 với",Laptop GamePro 15 hiện có giá niêm yết 24.990.000 VND. Giá thực tế có thể thay đổi nếu áp dụng voucher hoặc chương trình khuyến mãi.,TC-LT-002,False,answer
qa_0279,product_price,"Ad ơi, laptop GamePro 15 hiện đang bán giá nào?",Laptop GamePro 15 hiện có giá niêm yết 24.990.000 VND. Giá thực tế có thể thay đổi nếu áp dụng voucher hoặc chương trình khuyến mãi.,TC-LT-002,False,answer
qa_0280,product_price,Cho mình hỏi laptop GamePro 15 hiện đang bán giá nào?,Laptop GamePro 15 hiện có giá niêm yết 24.990.000 VND. Giá thực tế có thể thay đổi nếu áp dụng voucher hoặc chương trình khuyến mãi.,TC-LT-002,False,answer
qa_0281,product_price,Mình cần biết laptop GamePro 15 hiện đang bán giá nào?,Laptop GamePro 15 hiện có giá niêm yết 24.990.000 VND. Giá thực tế có thể thay đổi nếu áp dụng voucher hoặc chương trình khuyến mãi.,TC-LT-002,False,answer
qa_0282,product_price,Bạn tư vấn giúp mình: laptop GamePro 15 hiện đang bán giá nào?,Laptop GamePro 15 hiện có giá niêm yết 24.990.000 VND. Giá thực tế có thể thay đổi nếu áp dụng voucher hoặc chương trình khuyến mãi.,TC-LT-002,False,answer
qa_0283,product_price,"Shop ơi, laptop GamePro 15 hiện đang bán giá nào?",Laptop GamePro 15 hiện có giá niêm yết 24.990.000 VND. Giá thực tế có thể thay đổi nếu áp dụng voucher hoặc chương trình khuyến mãi.,TC-LT-002,False,answer
qa_0284,product_price,"Ad ơi, sản phẩm Laptop GamePro 15 bao nhiêu tiền?",Laptop GamePro 15 hiện có giá niêm yết 24.990.000 VND. Giá thực tế có thể thay đổi nếu áp dụng voucher hoặc chương trình khuyến mãi.,TC-LT-002,False,answer
qa_0285,product_price,Cho mình hỏi sản phẩm Laptop GamePro 15 bao nhiêu tiền?,Laptop GamePro 15 hiện có giá niêm yết 24.990.000 VND. Giá thực tế có thể thay đổi nếu áp dụng voucher hoặc chương trình khuyến mãi.,TC-LT-002,False,answer
qa_0286,product_price,Mình cần biết sản phẩm Laptop GamePro 15 bao nhiêu tiền?,Laptop GamePro 15 hiện có giá niêm yết 24.990.000 VND. Giá thực tế có thể thay đổi nếu áp dụng voucher hoặc chương trình khuyến mãi.,TC-LT-002,False,answer
qa_0287,product_price,Bạn tư vấn giúp mình: sản phẩm Laptop GamePro 15 bao nhiêu tiền?,Laptop GamePro 15 hiện có giá niêm yết 24.990.000 VND. Giá thực tế có thể thay đổi nếu áp dụng voucher hoặc chương trình khuyến mãi.,TC-LT-002,False,answer
qa_0288,product_price,"Shop ơi, sản phẩm Laptop GamePro 15 bao nhiêu tiền?",Laptop GamePro 15 hiện có giá niêm yết 24.990.000 VND. Giá thực tế có thể thay đổi nếu áp dụng voucher hoặc chương trình khuyến mãi.,TC-LT-002,False,answer
qa_0289,product_price,"Ad ơi, báo giá giúp mình Laptop GamePro 15",Laptop GamePro 15 hiện có giá niêm yết 24.990.000 VND. Giá thực tế có thể thay đổi nếu áp dụng voucher hoặc chương trình khuyến mãi.,TC-LT-002,False,answer
qa_0290,product_price,Cho mình hỏi báo giá giúp mình Laptop GamePro 15,Laptop GamePro 15 hiện có giá niêm yết 24.990.000 VND. Giá thực tế có thể thay đổi nếu áp dụng voucher hoặc chương trình khuyến mãi.,TC-LT-002,False,answer
qa_0291,product_price,Mình cần biết báo giá giúp mình Laptop GamePro 15,Laptop GamePro 15 hiện có giá niêm yết 24.990.000 VND. Giá thực tế có thể thay đổi nếu áp dụng voucher hoặc chương trình khuyến mãi.,TC-LT-002,False,answer
qa_0292,product_price,Bạn tư vấn giúp mình: báo giá giúp mình Laptop GamePro 15,Laptop GamePro 15 hiện có giá niêm yết 24.990.000 VND. Giá thực tế có thể thay đổi nếu áp dụng voucher hoặc chương trình khuyến mãi.,TC-LT-002,False,answer
qa_0293,product_price,"Shop ơi, báo giá giúp mình Laptop GamePro 15",Laptop GamePro 15 hiện có giá niêm yết 24.990.000 VND. Giá thực tế có thể thay đổi nếu áp dụng voucher hoặc chương trình khuyến mãi.,TC-LT-002,False,answer
qa_0294,product_info,"Ad ơi, laptop GamePro 15 cấu hình thế nào?","Laptop GamePro 15 có thông tin chính: AMD Ryzen 7, RAM 16GB, SSD 1TB, GPU RTX 4060, màn hình 15.6 inch 144Hz. Sản phẩm phù hợp với nhu cầu chơi game, đồ họa 2D/3D, render video và học ngành kỹ thuật.",TC-LT-002,False,answer
qa_0295,product_info,Cho mình hỏi laptop GamePro 15 cấu hình thế nào?,"Laptop GamePro 15 có thông tin chính: AMD Ryzen 7, RAM 16GB, SSD 1TB, GPU RTX 4060, màn hình 15.6 inch 144Hz. Sản phẩm phù hợp với nhu cầu chơi game, đồ họa 2D/3D, render video và học ngành kỹ thuật.",TC-LT-002,False,answer
qa_0296,product_info,Mình cần biết laptop GamePro 15 cấu hình thế nào?,"Laptop GamePro 15 có thông tin chính: AMD Ryzen 7, RAM 16GB, SSD 1TB, GPU RTX 4060, màn hình 15.6 inch 144Hz. Sản phẩm phù hợp với nhu cầu chơi game, đồ họa 2D/3D, render video và học ngành kỹ thuật.",TC-LT-002,False,answer
qa_0297,product_info,Bạn tư vấn giúp mình: laptop GamePro 15 cấu hình thế nào?,"Laptop GamePro 15 có thông tin chính: AMD Ryzen 7, RAM 16GB, SSD 1TB, GPU RTX 4060, màn hình 15.6 inch 144Hz. Sản phẩm phù hợp với nhu cầu chơi game, đồ họa 2D/3D, render video và học ngành kỹ thuật.",TC-LT-002,False,answer
qa_0298,product_info,"Shop ơi, laptop GamePro 15 cấu hình thế nào?","Laptop GamePro 15 có thông tin chính: AMD Ryzen 7, RAM 16GB, SSD 1TB, GPU RTX 4060, màn hình 15.6 inch 144Hz. Sản phẩm phù hợp với nhu cầu chơi game, đồ họa 2D/3D, render video và học ngành kỹ thuật.",TC-LT-002,False,answer
qa_0299,product_info,"Ad ơi, thông số chính của Laptop GamePro 15 là gì?","Laptop GamePro 15 có thông tin chính: AMD Ryzen 7, RAM 16GB, SSD 1TB, GPU RTX 4060, màn hình 15.6 inch 144Hz. Sản phẩm phù hợp với nhu cầu chơi game, đồ họa 2D/3D, render video và học ngành kỹ thuật.",TC-LT-002,False,answer
qa_0300,product_info,Cho mình hỏi thông số chính của Laptop GamePro 15 là gì?,"Laptop GamePro 15 có thông tin chính: AMD Ryzen 7, RAM 16GB, SSD 1TB, GPU RTX 4060, màn hình 15.6 inch 144Hz. Sản phẩm phù hợp với nhu cầu chơi game, đồ họa 2D/3D, render video và học ngành kỹ thuật.",TC-LT-002,False,answer
qa_0301,product_info,Mình cần biết thông số chính của Laptop GamePro 15 là gì?,"Laptop GamePro 15 có thông tin chính: AMD Ryzen 7, RAM 16GB, SSD 1TB, GPU RTX 4060, màn hình 15.6 inch 144Hz. Sản phẩm phù hợp với nhu cầu chơi game, đồ họa 2D/3D, render video và học ngành kỹ thuật.",TC-LT-002,False,answer
qa_0302,product_info,Bạn tư vấn giúp mình: thông số chính của Laptop GamePro 15 là gì?,"Laptop GamePro 15 có thông tin chính: AMD Ryzen 7, RAM 16GB, SSD 1TB, GPU RTX 4060, màn hình 15.6 inch 144Hz. Sản phẩm phù hợp với nhu cầu chơi game, đồ họa 2D/3D, render video và học ngành kỹ thuật.",TC-LT-002,False,answer
qa_0303,product_info,"Shop ơi, thông số chính của Laptop GamePro 15 là gì?","Laptop GamePro 15 có thông tin chính: AMD Ryzen 7, RAM 16GB, SSD 1TB, GPU RTX 4060, màn hình 15.6 inch 144Hz. Sản phẩm phù hợp với nhu cầu chơi game, đồ họa 2D/3D, render video và học ngành kỹ thuật.",TC-LT-002,False,answer
qa_0304,product_info,"Ad ơi, laptop GamePro 15 có điểm gì nổi bật?","Laptop GamePro 15 có thông tin chính: AMD Ryzen 7, RAM 16GB, SSD 1TB, GPU RTX 4060, màn hình 15.6 inch 144Hz. Sản phẩm phù hợp với nhu cầu chơi game, đồ họa 2D/3D, render video và học ngành kỹ thuật.",TC-LT-002,False,answer
qa_0305,product_info,Cho mình hỏi laptop GamePro 15 có điểm gì nổi bật?,"Laptop GamePro 15 có thông tin chính: AMD Ryzen 7, RAM 16GB, SSD 1TB, GPU RTX 4060, màn hình 15.6 inch 144Hz. Sản phẩm phù hợp với nhu cầu chơi game, đồ họa 2D/3D, render video và học ngành kỹ thuật.",TC-LT-002,False,answer
qa_0306,product_info,Mình cần biết laptop GamePro 15 có điểm gì nổi bật?,"Laptop GamePro 15 có thông tin chính: AMD Ryzen 7, RAM 16GB, SSD 1TB, GPU RTX 4060, màn hình 15.6 inch 144Hz. Sản phẩm phù hợp với nhu cầu chơi game, đồ họa 2D/3D, render video và học ngành kỹ thuật.",TC-LT-002,False,answer
qa_0307,product_info,Bạn tư vấn giúp mình: laptop GamePro 15 có điểm gì nổi bật?,"Laptop GamePro 15 có thông tin chính: AMD Ryzen 7, RAM 16GB, SSD 1TB, GPU RTX 4060, màn hình 15.6 inch 144Hz. Sản phẩm phù hợp với nhu cầu chơi game, đồ họa 2D/3D, render video và học ngành kỹ thuật.",TC-LT-002,False,answer
qa_0308,product_info,"Shop ơi, laptop GamePro 15 có điểm gì nổi bật?","Laptop GamePro 15 có thông tin chính: AMD Ryzen 7, RAM 16GB, SSD 1TB, GPU RTX 4060, màn hình 15.6 inch 144Hz. Sản phẩm phù hợp với nhu cầu chơi game, đồ họa 2D/3D, render video và học ngành kỹ thuật.",TC-LT-002,False,answer
qa_0309,product_info,"Ad ơi, mô tả nhanh giúp mình Laptop GamePro 15","Laptop GamePro 15 có thông tin chính: AMD Ryzen 7, RAM 16GB, SSD 1TB, GPU RTX 4060, màn hình 15.6 inch 144Hz. Sản phẩm phù hợp với nhu cầu chơi game, đồ họa 2D/3D, render video và học ngành kỹ thuật.",TC-LT-002,False,answer
qa_0310,product_info,Cho mình hỏi mô tả nhanh giúp mình Laptop GamePro 15,"Laptop GamePro 15 có thông tin chính: AMD Ryzen 7, RAM 16GB, SSD 1TB, GPU RTX 4060, màn hình 15.6 inch 144Hz. Sản phẩm phù hợp với nhu cầu chơi game, đồ họa 2D/3D, render video và học ngành kỹ thuật.",TC-LT-002,False,answer
qa_0311,product_info,Mình cần biết mô tả nhanh giúp mình Laptop GamePro 15,"Laptop GamePro 15 có thông tin chính: AMD Ryzen 7, RAM 16GB, SSD 1TB, GPU RTX 4060, màn hình 15.6 inch 144Hz. Sản phẩm phù hợp với nhu cầu chơi game, đồ họa 2D/3D, render video và học ngành kỹ thuật.",TC-LT-002,False,answer
qa_0312,product_info,Bạn tư vấn giúp mình: mô tả nhanh giúp mình Laptop GamePro 15,"Laptop GamePro 15 có thông tin chính: AMD Ryzen 7, RAM 16GB, SSD 1TB, GPU RTX 4060, màn hình 15.6 inch 144Hz. Sản phẩm phù hợp với nhu cầu chơi game, đồ họa 2D/3D, render video và học ngành kỹ thuật.",TC-LT-002,False,answer
qa_0313,product_info,"Shop ơi, mô tả nhanh giúp mình Laptop GamePro 15","Laptop GamePro 15 có thông tin chính: AMD Ryzen 7, RAM 16GB, SSD 1TB, GPU RTX 4060, màn hình 15.6 inch 144Hz. Sản phẩm phù hợp với nhu cầu chơi game, đồ họa 2D/3D, render video và học ngành kỹ thuật.",TC-LT-002,False,answer
qa_0314,product_info,"Ad ơi, laptop GamePro 15 phù hợp với nhu cầu nào?","Laptop GamePro 15 có thông tin chính: AMD Ryzen 7, RAM 16GB, SSD 1TB, GPU RTX 4060, màn hình 15.6 inch 144Hz. Sản phẩm phù hợp với nhu cầu chơi game, đồ họa 2D/3D, render video và học ngành kỹ thuật.",TC-LT-002,False,answer
qa_0315,product_info,Cho mình hỏi laptop GamePro 15 phù hợp với nhu cầu nào?,"Laptop GamePro 15 có thông tin chính: AMD Ryzen 7, RAM 16GB, SSD 1TB, GPU RTX 4060, màn hình 15.6 inch 144Hz. Sản phẩm phù hợp với nhu cầu chơi game, đồ họa 2D/3D, render video và học ngành kỹ thuật.",TC-LT-002,False,answer
qa_0316,product_info,Mình cần biết laptop GamePro 15 phù hợp với nhu cầu nào?,"Laptop GamePro 15 có thông tin chính: AMD Ryzen 7, RAM 16GB, SSD 1TB, GPU RTX 4060, màn hình 15.6 inch 144Hz. Sản phẩm phù hợp với nhu cầu chơi game, đồ họa 2D/3D, render video và học ngành kỹ thuật.",TC-LT-002,False,answer
qa_0317,product_info,Bạn tư vấn giúp mình: laptop GamePro 15 phù hợp với nhu cầu nào?,"Laptop GamePro 15 có thông tin chính: AMD Ryzen 7, RAM 16GB, SSD 1TB, GPU RTX 4060, màn hình 15.6 inch 144Hz. Sản phẩm phù hợp với nhu cầu chơi game, đồ họa 2D/3D, render video và học ngành kỹ thuật.",TC-LT-002,False,answer
qa_0318,product_info,"Shop ơi, laptop GamePro 15 phù hợp với nhu cầu nào?","Laptop GamePro 15 có thông tin chính: AMD Ryzen 7, RAM 16GB, SSD 1TB, GPU RTX 4060, màn hình 15.6 inch 144Hz. Sản phẩm phù hợp với nhu cầu chơi game, đồ họa 2D/3D, render video và học ngành kỹ thuật.",TC-LT-002,False,answer
qa_0319,product_warranty,"Ad ơi, laptop GamePro 15 bảo hành bao lâu?","Laptop GamePro 15 được bảo hành 24 tháng. Nếu cần bảo hành, bạn vui lòng cung cấp mã đơn hàng, số điện thoại mua hàng, mô tả lỗi và hình ảnh/video nếu có.","TC-LT-002, policy_warranty",False,answer
qa_0320,product_warranty,Cho mình hỏi laptop GamePro 15 bảo hành bao lâu?,"Laptop GamePro 15 được bảo hành 24 tháng. Nếu cần bảo hành, bạn vui lòng cung cấp mã đơn hàng, số điện thoại mua hàng, mô tả lỗi và hình ảnh/video nếu có.","TC-LT-002, policy_warranty",False,answer
qa_0321,product_warranty,Mình cần biết laptop GamePro 15 bảo hành bao lâu?,"Laptop GamePro 15 được bảo hành 24 tháng. Nếu cần bảo hành, bạn vui lòng cung cấp mã đơn hàng, số điện thoại mua hàng, mô tả lỗi và hình ảnh/video nếu có.","TC-LT-002, policy_warranty",False,answer
qa_0322,product_warranty,Bạn tư vấn giúp mình: laptop GamePro 15 bảo hành bao lâu?,"Laptop GamePro 15 được bảo hành 24 tháng. Nếu cần bảo hành, bạn vui lòng cung cấp mã đơn hàng, số điện thoại mua hàng, mô tả lỗi và hình ảnh/video nếu có.","TC-LT-002, policy_warranty",False,answer
qa_0323,product_warranty,"Shop ơi, laptop GamePro 15 bảo hành bao lâu?","Laptop GamePro 15 được bảo hành 24 tháng. Nếu cần bảo hành, bạn vui lòng cung cấp mã đơn hàng, số điện thoại mua hàng, mô tả lỗi và hình ảnh/video nếu có.","TC-LT-002, policy_warranty",False,answer
qa_0324,product_warranty,"Ad ơi, thời gian bảo hành của Laptop GamePro 15 là mấy tháng?","Laptop GamePro 15 được bảo hành 24 tháng. Nếu cần bảo hành, bạn vui lòng cung cấp mã đơn hàng, số điện thoại mua hàng, mô tả lỗi và hình ảnh/video nếu có.","TC-LT-002, policy_warranty",False,answer
qa_0325,product_warranty,Cho mình hỏi thời gian bảo hành của Laptop GamePro 15 là mấy tháng?,"Laptop GamePro 15 được bảo hành 24 tháng. Nếu cần bảo hành, bạn vui lòng cung cấp mã đơn hàng, số điện thoại mua hàng, mô tả lỗi và hình ảnh/video nếu có.","TC-LT-002, policy_warranty",False,answer
qa_0326,product_warranty,Mình cần biết thời gian bảo hành của Laptop GamePro 15 là mấy tháng?,"Laptop GamePro 15 được bảo hành 24 tháng. Nếu cần bảo hành, bạn vui lòng cung cấp mã đơn hàng, số điện thoại mua hàng, mô tả lỗi và hình ảnh/video nếu có.","TC-LT-002, policy_warranty",False,answer
qa_0327,product_warranty,Bạn tư vấn giúp mình: thời gian bảo hành của Laptop GamePro 15 là mấy tháng?,"Laptop GamePro 15 được bảo hành 24 tháng. Nếu cần bảo hành, bạn vui lòng cung cấp mã đơn hàng, số điện thoại mua hàng, mô tả lỗi và hình ảnh/video nếu có.","TC-LT-002, policy_warranty",False,answer
qa_0328,product_warranty,"Shop ơi, thời gian bảo hành của Laptop GamePro 15 là mấy tháng?","Laptop GamePro 15 được bảo hành 24 tháng. Nếu cần bảo hành, bạn vui lòng cung cấp mã đơn hàng, số điện thoại mua hàng, mô tả lỗi và hình ảnh/video nếu có.","TC-LT-002, policy_warranty",False,answer
qa_0329,product_warranty,"Ad ơi, mua Laptop GamePro 15 thì được bảo hành như thế nào?","Laptop GamePro 15 được bảo hành 24 tháng. Nếu cần bảo hành, bạn vui lòng cung cấp mã đơn hàng, số điện thoại mua hàng, mô tả lỗi và hình ảnh/video nếu có.","TC-LT-002, policy_warranty",False,answer
qa_0330,product_warranty,Cho mình hỏi mua Laptop GamePro 15 thì được bảo hành như thế nào?,"Laptop GamePro 15 được bảo hành 24 tháng. Nếu cần bảo hành, bạn vui lòng cung cấp mã đơn hàng, số điện thoại mua hàng, mô tả lỗi và hình ảnh/video nếu có.","TC-LT-002, policy_warranty",False,answer
qa_0331,product_warranty,Mình cần biết mua Laptop GamePro 15 thì được bảo hành như thế nào?,"Laptop GamePro 15 được bảo hành 24 tháng. Nếu cần bảo hành, bạn vui lòng cung cấp mã đơn hàng, số điện thoại mua hàng, mô tả lỗi và hình ảnh/video nếu có.","TC-LT-002, policy_warranty",False,answer
qa_0332,product_warranty,Bạn tư vấn giúp mình: mua Laptop GamePro 15 thì được bảo hành như thế nào?,"Laptop GamePro 15 được bảo hành 24 tháng. Nếu cần bảo hành, bạn vui lòng cung cấp mã đơn hàng, số điện thoại mua hàng, mô tả lỗi và hình ảnh/video nếu có.","TC-LT-002, policy_warranty",False,answer
qa_0333,product_warranty,"Shop ơi, mua Laptop GamePro 15 thì được bảo hành như thế nào?","Laptop GamePro 15 được bảo hành 24 tháng. Nếu cần bảo hành, bạn vui lòng cung cấp mã đơn hàng, số điện thoại mua hàng, mô tả lỗi và hình ảnh/video nếu có.","TC-LT-002, policy_warranty",False,answer
qa_0334,product_price,"Ad ơi, laptop EduBook 13 giá bao nhiêu?",Laptop EduBook 13 hiện có giá niêm yết 9.990.000 VND. Giá thực tế có thể thay đổi nếu áp dụng voucher hoặc chương trình khuyến mãi.,TC-LT-003,False,answer
qa_0335,product_price,Cho mình hỏi laptop EduBook 13 giá bao nhiêu?,Laptop EduBook 13 hiện có giá niêm yết 9.990.000 VND. Giá thực tế có thể thay đổi nếu áp dụng voucher hoặc chương trình khuyến mãi.,TC-LT-003,False,answer
qa_0336,product_price,Mình cần biết laptop EduBook 13 giá bao nhiêu?,Laptop EduBook 13 hiện có giá niêm yết 9.990.000 VND. Giá thực tế có thể thay đổi nếu áp dụng voucher hoặc chương trình khuyến mãi.,TC-LT-003,False,answer
qa_0337,product_price,Bạn tư vấn giúp mình: laptop EduBook 13 giá bao nhiêu?,Laptop EduBook 13 hiện có giá niêm yết 9.990.000 VND. Giá thực tế có thể thay đổi nếu áp dụng voucher hoặc chương trình khuyến mãi.,TC-LT-003,False,answer
qa_0338,product_price,"Shop ơi, laptop EduBook 13 giá bao nhiêu?",Laptop EduBook 13 hiện có giá niêm yết 9.990.000 VND. Giá thực tế có thể thay đổi nếu áp dụng voucher hoặc chương trình khuyến mãi.,TC-LT-003,False,answer
qa_0339,product_price,"Ad ơi, cho mình hỏi giá Laptop EduBook 13 với",Laptop EduBook 13 hiện có giá niêm yết 9.990.000 VND. Giá thực tế có thể thay đổi nếu áp dụng voucher hoặc chương trình khuyến mãi.,TC-LT-003,False,answer
qa_0340,product_price,Cho mình hỏi cho mình hỏi giá Laptop EduBook 13 với,Laptop EduBook 13 hiện có giá niêm yết 9.990.000 VND. Giá thực tế có thể thay đổi nếu áp dụng voucher hoặc chương trình khuyến mãi.,TC-LT-003,False,answer
qa_0341,product_price,Mình cần biết cho mình hỏi giá Laptop EduBook 13 với,Laptop EduBook 13 hiện có giá niêm yết 9.990.000 VND. Giá thực tế có thể thay đổi nếu áp dụng voucher hoặc chương trình khuyến mãi.,TC-LT-003,False,answer
qa_0342,product_price,Bạn tư vấn giúp mình: cho mình hỏi giá Laptop EduBook 13 với,Laptop EduBook 13 hiện có giá niêm yết 9.990.000 VND. Giá thực tế có thể thay đổi nếu áp dụng voucher hoặc chương trình khuyến mãi.,TC-LT-003,False,answer
qa_0343,product_price,"Shop ơi, cho mình hỏi giá Laptop EduBook 13 với",Laptop EduBook 13 hiện có giá niêm yết 9.990.000 VND. Giá thực tế có thể thay đổi nếu áp dụng voucher hoặc chương trình khuyến mãi.,TC-LT-003,False,answer
qa_0344,product_price,"Ad ơi, laptop EduBook 13 hiện đang bán giá nào?",Laptop EduBook 13 hiện có giá niêm yết 9.990.000 VND. Giá thực tế có thể thay đổi nếu áp dụng voucher hoặc chương trình khuyến mãi.,TC-LT-003,False,answer
qa_0345,product_price,Cho mình hỏi laptop EduBook 13 hiện đang bán giá nào?,Laptop EduBook 13 hiện có giá niêm yết 9.990.000 VND. Giá thực tế có thể thay đổi nếu áp dụng voucher hoặc chương trình khuyến mãi.,TC-LT-003,False,answer
qa_0346,product_price,Mình cần biết laptop EduBook 13 hiện đang bán giá nào?,Laptop EduBook 13 hiện có giá niêm yết 9.990.000 VND. Giá thực tế có thể thay đổi nếu áp dụng voucher hoặc chương trình khuyến mãi.,TC-LT-003,False,answer
qa_0347,product_price,Bạn tư vấn giúp mình: laptop EduBook 13 hiện đang bán giá nào?,Laptop EduBook 13 hiện có giá niêm yết 9.990.000 VND. Giá thực tế có thể thay đổi nếu áp dụng voucher hoặc chương trình khuyến mãi.,TC-LT-003,False,answer
qa_0348,product_price,"Shop ơi, laptop EduBook 13 hiện đang bán giá nào?",Laptop EduBook 13 hiện có giá niêm yết 9.990.000 VND. Giá thực tế có thể thay đổi nếu áp dụng voucher hoặc chương trình khuyến mãi.,TC-LT-003,False,answer
qa_0349,product_price,"Ad ơi, sản phẩm Laptop EduBook 13 bao nhiêu tiền?",Laptop EduBook 13 hiện có giá niêm yết 9.990.000 VND. Giá thực tế có thể thay đổi nếu áp dụng voucher hoặc chương trình khuyến mãi.,TC-LT-003,False,answer
qa_0350,product_price,Cho mình hỏi sản phẩm Laptop EduBook 13 bao nhiêu tiền?,Laptop EduBook 13 hiện có giá niêm yết 9.990.000 VND. Giá thực tế có thể thay đổi nếu áp dụng voucher hoặc chương trình khuyến mãi.,TC-LT-003,False,answer
qa_0351,product_price,Mình cần biết sản phẩm Laptop EduBook 13 bao nhiêu tiền?,Laptop EduBook 13 hiện có giá niêm yết 9.990.000 VND. Giá thực tế có thể thay đổi nếu áp dụng voucher hoặc chương trình khuyến mãi.,TC-LT-003,False,answer
qa_0352,product_price,Bạn tư vấn giúp mình: sản phẩm Laptop EduBook 13 bao nhiêu tiền?,Laptop EduBook 13 hiện có giá niêm yết 9.990.000 VND. Giá thực tế có thể thay đổi nếu áp dụng voucher hoặc chương trình khuyến mãi.,TC-LT-003,False,answer
qa_0353,product_price,"Shop ơi, sản phẩm Laptop EduBook 13 bao nhiêu tiền?",Laptop EduBook 13 hiện có giá niêm yết 9.990.000 VND. Giá thực tế có thể thay đổi nếu áp dụng voucher hoặc chương trình khuyến mãi.,TC-LT-003,False,answer
qa_0354,product_price,"Ad ơi, báo giá giúp mình Laptop EduBook 13",Laptop EduBook 13 hiện có giá niêm yết 9.990.000 VND. Giá thực tế có thể thay đổi nếu áp dụng voucher hoặc chương trình khuyến mãi.,TC-LT-003,False,answer
qa_0355,product_price,Cho mình hỏi báo giá giúp mình Laptop EduBook 13,Laptop EduBook 13 hiện có giá niêm yết 9.990.000 VND. Giá thực tế có thể thay đổi nếu áp dụng voucher hoặc chương trình khuyến mãi.,TC-LT-003,False,answer
qa_0356,product_price,Mình cần biết báo giá giúp mình Laptop EduBook 13,Laptop EduBook 13 hiện có giá niêm yết 9.990.000 VND. Giá thực tế có thể thay đổi nếu áp dụng voucher hoặc chương trình khuyến mãi.,TC-LT-003,False,answer
qa_0357,product_price,Bạn tư vấn giúp mình: báo giá giúp mình Laptop EduBook 13,Laptop EduBook 13 hiện có giá niêm yết 9.990.000 VND. Giá thực tế có thể thay đổi nếu áp dụng voucher hoặc chương trình khuyến mãi.,TC-LT-003,False,answer
qa_0358,product_price,"Shop ơi, báo giá giúp mình Laptop EduBook 13",Laptop EduBook 13 hiện có giá niêm yết 9.990.000 VND. Giá thực tế có thể thay đổi nếu áp dụng voucher hoặc chương trình khuyến mãi.,TC-LT-003,False,answer
qa_0359,product_info,"Ad ơi, laptop EduBook 13 cấu hình thế nào?","Laptop EduBook 13 có thông tin chính: Intel Core i3, RAM 8GB, SSD 256GB, màn hình 13.3 inch Full HD, nặng 1.18kg. Sản phẩm phù hợp với nhu cầu học sinh, sinh viên cần máy gọn nhẹ để học online, làm bài tập, duyệt web, Word và Excel cơ bản.",TC-LT-003,False,answer
qa_0360,product_info,Cho mình hỏi laptop EduBook 13 cấu hình thế nào?,"Laptop EduBook 13 có thông tin chính: Intel Core i3, RAM 8GB, SSD 256GB, màn hình 13.3 inch Full HD, nặng 1.18kg. Sản phẩm phù hợp với nhu cầu học sinh, sinh viên cần máy gọn nhẹ để học online, làm bài tập, duyệt web, Word và Excel cơ bản.",TC-LT-003,False,answer
qa_0361,product_info,Mình cần biết laptop EduBook 13 cấu hình thế nào?,"Laptop EduBook 13 có thông tin chính: Intel Core i3, RAM 8GB, SSD 256GB, màn hình 13.3 inch Full HD, nặng 1.18kg. Sản phẩm phù hợp với nhu cầu học sinh, sinh viên cần máy gọn nhẹ để học online, làm bài tập, duyệt web, Word và Excel cơ bản.",TC-LT-003,False,answer
qa_0362,product_info,Bạn tư vấn giúp mình: laptop EduBook 13 cấu hình thế nào?,"Laptop EduBook 13 có thông tin chính: Intel Core i3, RAM 8GB, SSD 256GB, màn hình 13.3 inch Full HD, nặng 1.18kg. Sản phẩm phù hợp với nhu cầu học sinh, sinh viên cần máy gọn nhẹ để học online, làm bài tập, duyệt web, Word và Excel cơ bản.",TC-LT-003,False,answer
qa_0363,product_info,"Shop ơi, laptop EduBook 13 cấu hình thế nào?","Laptop EduBook 13 có thông tin chính: Intel Core i3, RAM 8GB, SSD 256GB, màn hình 13.3 inch Full HD, nặng 1.18kg. Sản phẩm phù hợp với nhu cầu học sinh, sinh viên cần máy gọn nhẹ để học online, làm bài tập, duyệt web, Word và Excel cơ bản.",TC-LT-003,False,answer
qa_0364,product_info,"Ad ơi, thông số chính của Laptop EduBook 13 là gì?","Laptop EduBook 13 có thông tin chính: Intel Core i3, RAM 8GB, SSD 256GB, màn hình 13.3 inch Full HD, nặng 1.18kg. Sản phẩm phù hợp với nhu cầu học sinh, sinh viên cần máy gọn nhẹ để học online, làm bài tập, duyệt web, Word và Excel cơ bản.",TC-LT-003,False,answer
qa_0365,product_info,Cho mình hỏi thông số chính của Laptop EduBook 13 là gì?,"Laptop EduBook 13 có thông tin chính: Intel Core i3, RAM 8GB, SSD 256GB, màn hình 13.3 inch Full HD, nặng 1.18kg. Sản phẩm phù hợp với nhu cầu học sinh, sinh viên cần máy gọn nhẹ để học online, làm bài tập, duyệt web, Word và Excel cơ bản.",TC-LT-003,False,answer
qa_0366,product_info,Mình cần biết thông số chính của Laptop EduBook 13 là gì?,"Laptop EduBook 13 có thông tin chính: Intel Core i3, RAM 8GB, SSD 256GB, màn hình 13.3 inch Full HD, nặng 1.18kg. Sản phẩm phù hợp với nhu cầu học sinh, sinh viên cần máy gọn nhẹ để học online, làm bài tập, duyệt web, Word và Excel cơ bản.",TC-LT-003,False,answer
qa_0367,product_info,Bạn tư vấn giúp mình: thông số chính của Laptop EduBook 13 là gì?,"Laptop EduBook 13 có thông tin chính: Intel Core i3, RAM 8GB, SSD 256GB, màn hình 13.3 inch Full HD, nặng 1.18kg. Sản phẩm phù hợp với nhu cầu học sinh, sinh viên cần máy gọn nhẹ để học online, làm bài tập, duyệt web, Word và Excel cơ bản.",TC-LT-003,False,answer
qa_0368,product_info,"Shop ơi, thông số chính của Laptop EduBook 13 là gì?","Laptop EduBook 13 có thông tin chính: Intel Core i3, RAM 8GB, SSD 256GB, màn hình 13.3 inch Full HD, nặng 1.18kg. Sản phẩm phù hợp với nhu cầu học sinh, sinh viên cần máy gọn nhẹ để học online, làm bài tập, duyệt web, Word và Excel cơ bản.",TC-LT-003,False,answer
qa_0369,product_info,"Ad ơi, laptop EduBook 13 có điểm gì nổi bật?","Laptop EduBook 13 có thông tin chính: Intel Core i3, RAM 8GB, SSD 256GB, màn hình 13.3 inch Full HD, nặng 1.18kg. Sản phẩm phù hợp với nhu cầu học sinh, sinh viên cần máy gọn nhẹ để học online, làm bài tập, duyệt web, Word và Excel cơ bản.",TC-LT-003,False,answer
qa_0370,product_info,Cho mình hỏi laptop EduBook 13 có điểm gì nổi bật?,"Laptop EduBook 13 có thông tin chính: Intel Core i3, RAM 8GB, SSD 256GB, màn hình 13.3 inch Full HD, nặng 1.18kg. Sản phẩm phù hợp với nhu cầu học sinh, sinh viên cần máy gọn nhẹ để học online, làm bài tập, duyệt web, Word và Excel cơ bản.",TC-LT-003,False,answer
qa_0371,product_info,Mình cần biết laptop EduBook 13 có điểm gì nổi bật?,"Laptop EduBook 13 có thông tin chính: Intel Core i3, RAM 8GB, SSD 256GB, màn hình 13.3 inch Full HD, nặng 1.18kg. Sản phẩm phù hợp với nhu cầu học sinh, sinh viên cần máy gọn nhẹ để học online, làm bài tập, duyệt web, Word và Excel cơ bản.",TC-LT-003,False,answer
qa_0372,product_info,Bạn tư vấn giúp mình: laptop EduBook 13 có điểm gì nổi bật?,"Laptop EduBook 13 có thông tin chính: Intel Core i3, RAM 8GB, SSD 256GB, màn hình 13.3 inch Full HD, nặng 1.18kg. Sản phẩm phù hợp với nhu cầu học sinh, sinh viên cần máy gọn nhẹ để học online, làm bài tập, duyệt web, Word và Excel cơ bản.",TC-LT-003,False,answer
qa_0373,product_info,"Shop ơi, laptop EduBook 13 có điểm gì nổi bật?","Laptop EduBook 13 có thông tin chính: Intel Core i3, RAM 8GB, SSD 256GB, màn hình 13.3 inch Full HD, nặng 1.18kg. Sản phẩm phù hợp với nhu cầu học sinh, sinh viên cần máy gọn nhẹ để học online, làm bài tập, duyệt web, Word và Excel cơ bản.",TC-LT-003,False,answer
qa_0374,product_info,"Ad ơi, mô tả nhanh giúp mình Laptop EduBook 13","Laptop EduBook 13 có thông tin chính: Intel Core i3, RAM 8GB, SSD 256GB, màn hình 13.3 inch Full HD, nặng 1.18kg. Sản phẩm phù hợp với nhu cầu học sinh, sinh viên cần máy gọn nhẹ để học online, làm bài tập, duyệt web, Word và Excel cơ bản.",TC-LT-003,False,answer
qa_0375,product_info,Cho mình hỏi mô tả nhanh giúp mình Laptop EduBook 13,"Laptop EduBook 13 có thông tin chính: Intel Core i3, RAM 8GB, SSD 256GB, màn hình 13.3 inch Full HD, nặng 1.18kg. Sản phẩm phù hợp với nhu cầu học sinh, sinh viên cần máy gọn nhẹ để học online, làm bài tập, duyệt web, Word và Excel cơ bản.",TC-LT-003,False,answer
qa_0376,product_info,Mình cần biết mô tả nhanh giúp mình Laptop EduBook 13,"Laptop EduBook 13 có thông tin chính: Intel Core i3, RAM 8GB, SSD 256GB, màn hình 13.3 inch Full HD, nặng 1.18kg. Sản phẩm phù hợp với nhu cầu học sinh, sinh viên cần máy gọn nhẹ để học online, làm bài tập, duyệt web, Word và Excel cơ bản.",TC-LT-003,False,answer
qa_0377,product_info,Bạn tư vấn giúp mình: mô tả nhanh giúp mình Laptop EduBook 13,"Laptop EduBook 13 có thông tin chính: Intel Core i3, RAM 8GB, SSD 256GB, màn hình 13.3 inch Full HD, nặng 1.18kg. Sản phẩm phù hợp với nhu cầu học sinh, sinh viên cần máy gọn nhẹ để học online, làm bài tập, duyệt web, Word và Excel cơ bản.",TC-LT-003,False,answer
qa_0378,product_info,"Shop ơi, mô tả nhanh giúp mình Laptop EduBook 13","Laptop EduBook 13 có thông tin chính: Intel Core i3, RAM 8GB, SSD 256GB, màn hình 13.3 inch Full HD, nặng 1.18kg. Sản phẩm phù hợp với nhu cầu học sinh, sinh viên cần máy gọn nhẹ để học online, làm bài tập, duyệt web, Word và Excel cơ bản.",TC-LT-003,False,answer
qa_0379,product_info,"Ad ơi, laptop EduBook 13 phù hợp với nhu cầu nào?","Laptop EduBook 13 có thông tin chính: Intel Core i3, RAM 8GB, SSD 256GB, màn hình 13.3 inch Full HD, nặng 1.18kg. Sản phẩm phù hợp với nhu cầu học sinh, sinh viên cần máy gọn nhẹ để học online, làm bài tập, duyệt web, Word và Excel cơ bản.",TC-LT-003,False,answer
qa_0380,product_info,Cho mình hỏi laptop EduBook 13 phù hợp với nhu cầu nào?,"Laptop EduBook 13 có thông tin chính: Intel Core i3, RAM 8GB, SSD 256GB, màn hình 13.3 inch Full HD, nặng 1.18kg. Sản phẩm phù hợp với nhu cầu học sinh, sinh viên cần máy gọn nhẹ để học online, làm bài tập, duyệt web, Word và Excel cơ bản.",TC-LT-003,False,answer
qa_0381,product_info,Mình cần biết laptop EduBook 13 phù hợp với nhu cầu nào?,"Laptop EduBook 13 có thông tin chính: Intel Core i3, RAM 8GB, SSD 256GB, màn hình 13.3 inch Full HD, nặng 1.18kg. Sản phẩm phù hợp với nhu cầu học sinh, sinh viên cần máy gọn nhẹ để học online, làm bài tập, duyệt web, Word và Excel cơ bản.",TC-LT-003,False,answer
qa_0382,product_info,Bạn tư vấn giúp mình: laptop EduBook 13 phù hợp với nhu cầu nào?,"Laptop EduBook 13 có thông tin chính: Intel Core i3, RAM 8GB, SSD 256GB, màn hình 13.3 inch Full HD, nặng 1.18kg. Sản phẩm phù hợp với nhu cầu học sinh, sinh viên cần máy gọn nhẹ để học online, làm bài tập, duyệt web, Word và Excel cơ bản.",TC-LT-003,False,answer
qa_0383,product_info,"Shop ơi, laptop EduBook 13 phù hợp với nhu cầu nào?","Laptop EduBook 13 có thông tin chính: Intel Core i3, RAM 8GB, SSD 256GB, màn hình 13.3 inch Full HD, nặng 1.18kg. Sản phẩm phù hợp với nhu cầu học sinh, sinh viên cần máy gọn nhẹ để học online, làm bài tập, duyệt web, Word và Excel cơ bản.",TC-LT-003,False,answer
qa_0384,product_warranty,"Ad ơi, laptop EduBook 13 bảo hành bao lâu?","Laptop EduBook 13 được bảo hành 18 tháng. Nếu cần bảo hành, bạn vui lòng cung cấp mã đơn hàng, số điện thoại mua hàng, mô tả lỗi và hình ảnh/video nếu có.","TC-LT-003, policy_warranty",False,answer
qa_0385,product_warranty,Cho mình hỏi laptop EduBook 13 bảo hành bao lâu?,"Laptop EduBook 13 được bảo hành 18 tháng. Nếu cần bảo hành, bạn vui lòng cung cấp mã đơn hàng, số điện thoại mua hàng, mô tả lỗi và hình ảnh/video nếu có.","TC-LT-003, policy_warranty",False,answer
qa_0386,product_warranty,Mình cần biết laptop EduBook 13 bảo hành bao lâu?,"Laptop EduBook 13 được bảo hành 18 tháng. Nếu cần bảo hành, bạn vui lòng cung cấp mã đơn hàng, số điện thoại mua hàng, mô tả lỗi và hình ảnh/video nếu có.","TC-LT-003, policy_warranty",False,answer
qa_0387,product_warranty,Bạn tư vấn giúp mình: laptop EduBook 13 bảo hành bao lâu?,"Laptop EduBook 13 được bảo hành 18 tháng. Nếu cần bảo hành, bạn vui lòng cung cấp mã đơn hàng, số điện thoại mua hàng, mô tả lỗi và hình ảnh/video nếu có.","TC-LT-003, policy_warranty",False,answer
qa_0388,product_warranty,"Shop ơi, laptop EduBook 13 bảo hành bao lâu?","Laptop EduBook 13 được bảo hành 18 tháng. Nếu cần bảo hành, bạn vui lòng cung cấp mã đơn hàng, số điện thoại mua hàng, mô tả lỗi và hình ảnh/video nếu có.","TC-LT-003, policy_warranty",False,answer
qa_0389,product_warranty,"Ad ơi, thời gian bảo hành của Laptop EduBook 13 là mấy tháng?","Laptop EduBook 13 được bảo hành 18 tháng. Nếu cần bảo hành, bạn vui lòng cung cấp mã đơn hàng, số điện thoại mua hàng, mô tả lỗi và hình ảnh/video nếu có.","TC-LT-003, policy_warranty",False,answer
qa_0390,product_warranty,Cho mình hỏi thời gian bảo hành của Laptop EduBook 13 là mấy tháng?,"Laptop EduBook 13 được bảo hành 18 tháng. Nếu cần bảo hành, bạn vui lòng cung cấp mã đơn hàng, số điện thoại mua hàng, mô tả lỗi và hình ảnh/video nếu có.","TC-LT-003, policy_warranty",False,answer
qa_0391,product_warranty,Mình cần biết thời gian bảo hành của Laptop EduBook 13 là mấy tháng?,"Laptop EduBook 13 được bảo hành 18 tháng. Nếu cần bảo hành, bạn vui lòng cung cấp mã đơn hàng, số điện thoại mua hàng, mô tả lỗi và hình ảnh/video nếu có.","TC-LT-003, policy_warranty",False,answer
qa_0392,product_warranty,Bạn tư vấn giúp mình: thời gian bảo hành của Laptop EduBook 13 là mấy tháng?,"Laptop EduBook 13 được bảo hành 18 tháng. Nếu cần bảo hành, bạn vui lòng cung cấp mã đơn hàng, số điện thoại mua hàng, mô tả lỗi và hình ảnh/video nếu có.","TC-LT-003, policy_warranty",False,answer
qa_0393,product_warranty,"Shop ơi, thời gian bảo hành của Laptop EduBook 13 là mấy tháng?","Laptop EduBook 13 được bảo hành 18 tháng. Nếu cần bảo hành, bạn vui lòng cung cấp mã đơn hàng, số điện thoại mua hàng, mô tả lỗi và hình ảnh/video nếu có.","TC-LT-003, policy_warranty",False,answer
qa_0394,product_warranty,"Ad ơi, mua Laptop EduBook 13 thì được bảo hành như thế nào?","Laptop EduBook 13 được bảo hành 18 tháng. Nếu cần bảo hành, bạn vui lòng cung cấp mã đơn hàng, số điện thoại mua hàng, mô tả lỗi và hình ảnh/video nếu có.","TC-LT-003, policy_warranty",False,answer
qa_0395,product_warranty,Cho mình hỏi mua Laptop EduBook 13 thì được bảo hành như thế nào?,"Laptop EduBook 13 được bảo hành 18 tháng. Nếu cần bảo hành, bạn vui lòng cung cấp mã đơn hàng, số điện thoại mua hàng, mô tả lỗi và hình ảnh/video nếu có.","TC-LT-003, policy_warranty",False,answer
qa_0396,product_warranty,Mình cần biết mua Laptop EduBook 13 thì được bảo hành như thế nào?,"Laptop EduBook 13 được bảo hành 18 tháng. Nếu cần bảo hành, bạn vui lòng cung cấp mã đơn hàng, số điện thoại mua hàng, mô tả lỗi và hình ảnh/video nếu có.","TC-LT-003, policy_warranty",False,answer
qa_0397,product_warranty,Bạn tư vấn giúp mình: mua Laptop EduBook 13 thì được bảo hành như thế nào?,"Laptop EduBook 13 được bảo hành 18 tháng. Nếu cần bảo hành, bạn vui lòng cung cấp mã đơn hàng, số điện thoại mua hàng, mô tả lỗi và hình ảnh/video nếu có.","TC-LT-003, policy_warranty",False,answer
qa_0398,product_warranty,"Shop ơi, mua Laptop EduBook 13 thì được bảo hành như thế nào?","Laptop EduBook 13 được bảo hành 18 tháng. Nếu cần bảo hành, bạn vui lòng cung cấp mã đơn hàng, số điện thoại mua hàng, mô tả lỗi và hình ảnh/video nếu có.","TC-LT-003, policy_warranty",False,answer
qa_0399,product_price,"Ad ơi, điện thoại PixelOne A55 giá bao nhiêu?",Điện thoại PixelOne A55 hiện có giá niêm yết 7.990.000 VND. Giá thực tế có thể thay đổi nếu áp dụng voucher hoặc chương trình khuyến mãi.,TC-PH-004,False,answer
qa_0400,product_price,Cho mình hỏi điện thoại PixelOne A55 giá bao nhiêu?,Điện thoại PixelOne A55 hiện có giá niêm yết 7.990.000 VND. Giá thực tế có thể thay đổi nếu áp dụng voucher hoặc chương trình khuyến mãi.,TC-PH-004,False,answer
qa_0401,product_price,Mình cần biết điện thoại PixelOne A55 giá bao nhiêu?,Điện thoại PixelOne A55 hiện có giá niêm yết 7.990.000 VND. Giá thực tế có thể thay đổi nếu áp dụng voucher hoặc chương trình khuyến mãi.,TC-PH-004,False,answer
qa_0402,product_price,Bạn tư vấn giúp mình: điện thoại PixelOne A55 giá bao nhiêu?,Điện thoại PixelOne A55 hiện có giá niêm yết 7.990.000 VND. Giá thực tế có thể thay đổi nếu áp dụng voucher hoặc chương trình khuyến mãi.,TC-PH-004,False,answer
qa_0403,product_price,"Shop ơi, điện thoại PixelOne A55 giá bao nhiêu?",Điện thoại PixelOne A55 hiện có giá niêm yết 7.990.000 VND. Giá thực tế có thể thay đổi nếu áp dụng voucher hoặc chương trình khuyến mãi.,TC-PH-004,False,answer
qa_0404,product_price,"Ad ơi, cho mình hỏi giá Điện thoại PixelOne A55 với",Điện thoại PixelOne A55 hiện có giá niêm yết 7.990.000 VND. Giá thực tế có thể thay đổi nếu áp dụng voucher hoặc chương trình khuyến mãi.,TC-PH-004,False,answer
qa_0405,product_price,Cho mình hỏi cho mình hỏi giá Điện thoại PixelOne A55 với,Điện thoại PixelOne A55 hiện có giá niêm yết 7.990.000 VND. Giá thực tế có thể thay đổi nếu áp dụng voucher hoặc chương trình khuyến mãi.,TC-PH-004,False,answer
qa_0406,product_price,Mình cần biết cho mình hỏi giá Điện thoại PixelOne A55 với,Điện thoại PixelOne A55 hiện có giá niêm yết 7.990.000 VND. Giá thực tế có thể thay đổi nếu áp dụng voucher hoặc chương trình khuyến mãi.,TC-PH-004,False,answer
qa_0407,product_price,Bạn tư vấn giúp mình: cho mình hỏi giá Điện thoại PixelOne A55 với,Điện thoại PixelOne A55 hiện có giá niêm yết 7.990.000 VND. Giá thực tế có thể thay đổi nếu áp dụng voucher hoặc chương trình khuyến mãi.,TC-PH-004,False,answer
qa_0408,product_price,"Shop ơi, cho mình hỏi giá Điện thoại PixelOne A55 với",Điện thoại PixelOne A55 hiện có giá niêm yết 7.990.000 VND. Giá thực tế có thể thay đổi nếu áp dụng voucher hoặc chương trình khuyến mãi.,TC-PH-004,False,answer
qa_0409,product_price,"Ad ơi, điện thoại PixelOne A55 hiện đang bán giá nào?",Điện thoại PixelOne A55 hiện có giá niêm yết 7.990.000 VND. Giá thực tế có thể thay đổi nếu áp dụng voucher hoặc chương trình khuyến mãi.,TC-PH-004,False,answer
qa_0410,product_price,Cho mình hỏi điện thoại PixelOne A55 hiện đang bán giá nào?,Điện thoại PixelOne A55 hiện có giá niêm yết 7.990.000 VND. Giá thực tế có thể thay đổi nếu áp dụng voucher hoặc chương trình khuyến mãi.,TC-PH-004,False,answer
qa_0411,product_price,Mình cần biết điện thoại PixelOne A55 hiện đang bán giá nào?,Điện thoại PixelOne A55 hiện có giá niêm yết 7.990.000 VND. Giá thực tế có thể thay đổi nếu áp dụng voucher hoặc chương trình khuyến mãi.,TC-PH-004,False,answer
qa_0412,product_price,Bạn tư vấn giúp mình: điện thoại PixelOne A55 hiện đang bán giá nào?,Điện thoại PixelOne A55 hiện có giá niêm yết 7.990.000 VND. Giá thực tế có thể thay đổi nếu áp dụng voucher hoặc chương trình khuyến mãi.,TC-PH-004,False,answer
qa_0413,product_price,"Shop ơi, điện thoại PixelOne A55 hiện đang bán giá nào?",Điện thoại PixelOne A55 hiện có giá niêm yết 7.990.000 VND. Giá thực tế có thể thay đổi nếu áp dụng voucher hoặc chương trình khuyến mãi.,TC-PH-004,False,answer
qa_0414,product_price,"Ad ơi, sản phẩm Điện thoại PixelOne A55 bao nhiêu tiền?",Điện thoại PixelOne A55 hiện có giá niêm yết 7.990.000 VND. Giá thực tế có thể thay đổi nếu áp dụng voucher hoặc chương trình khuyến mãi.,TC-PH-004,False,answer
qa_0415,product_price,Cho mình hỏi sản phẩm Điện thoại PixelOne A55 bao nhiêu tiền?,Điện thoại PixelOne A55 hiện có giá niêm yết 7.990.000 VND. Giá thực tế có thể thay đổi nếu áp dụng voucher hoặc chương trình khuyến mãi.,TC-PH-004,False,answer
qa_0416,product_price,Mình cần biết sản phẩm Điện thoại PixelOne A55 bao nhiêu tiền?,Điện thoại PixelOne A55 hiện có giá niêm yết 7.990.000 VND. Giá thực tế có thể thay đổi nếu áp dụng voucher hoặc chương trình khuyến mãi.,TC-PH-004,False,answer
qa_0417,product_price,Bạn tư vấn giúp mình: sản phẩm Điện thoại PixelOne A55 bao nhiêu tiền?,Điện thoại PixelOne A55 hiện có giá niêm yết 7.990.000 VND. Giá thực tế có thể thay đổi nếu áp dụng voucher hoặc chương trình khuyến mãi.,TC-PH-004,False,answer
qa_0418,product_price,"Shop ơi, sản phẩm Điện thoại PixelOne A55 bao nhiêu tiền?",Điện thoại PixelOne A55 hiện có giá niêm yết 7.990.000 VND. Giá thực tế có thể thay đổi nếu áp dụng voucher hoặc chương trình khuyến mãi.,TC-PH-004,False,answer
qa_0419,product_price,"Ad ơi, báo giá giúp mình Điện thoại PixelOne A55",Điện thoại PixelOne A55 hiện có giá niêm yết 7.990.000 VND. Giá thực tế có thể thay đổi nếu áp dụng voucher hoặc chương trình khuyến mãi.,TC-PH-004,False,answer
qa_0420,product_price,Cho mình hỏi báo giá giúp mình Điện thoại PixelOne A55,Điện thoại PixelOne A55 hiện có giá niêm yết 7.990.000 VND. Giá thực tế có thể thay đổi nếu áp dụng voucher hoặc chương trình khuyến mãi.,TC-PH-004,False,answer
qa_0421,product_price,Mình cần biết báo giá giúp mình Điện thoại PixelOne A55,Điện thoại PixelOne A55 hiện có giá niêm yết 7.990.000 VND. Giá thực tế có thể thay đổi nếu áp dụng voucher hoặc chương trình khuyến mãi.,TC-PH-004,False,answer
qa_0422,product_price,Bạn tư vấn giúp mình: báo giá giúp mình Điện thoại PixelOne A55,Điện thoại PixelOne A55 hiện có giá niêm yết 7.990.000 VND. Giá thực tế có thể thay đổi nếu áp dụng voucher hoặc chương trình khuyến mãi.,TC-PH-004,False,answer
qa_0423,product_price,"Shop ơi, báo giá giúp mình Điện thoại PixelOne A55",Điện thoại PixelOne A55 hiện có giá niêm yết 7.990.000 VND. Giá thực tế có thể thay đổi nếu áp dụng voucher hoặc chương trình khuyến mãi.,TC-PH-004,False,answer
qa_0424,product_info,"Ad ơi, điện thoại PixelOne A55 cấu hình thế nào?","Điện thoại PixelOne A55 có thông tin chính: màn hình AMOLED 6.5 inch 120Hz, RAM 8GB, bộ nhớ 128GB, camera 64MP, pin 5000mAh. Sản phẩm phù hợp với nhu cầu chụp ảnh, dùng mạng xã hội, xem phim và chơi game nhẹ.",TC-PH-004,False,answer
qa_0425,product_info,Cho mình hỏi điện thoại PixelOne A55 cấu hình thế nào?,"Điện thoại PixelOne A55 có thông tin chính: màn hình AMOLED 6.5 inch 120Hz, RAM 8GB, bộ nhớ 128GB, camera 64MP, pin 5000mAh. Sản phẩm phù hợp với nhu cầu chụp ảnh, dùng mạng xã hội, xem phim và chơi game nhẹ.",TC-PH-004,False,answer
qa_0426,product_info,Mình cần biết điện thoại PixelOne A55 cấu hình thế nào?,"Điện thoại PixelOne A55 có thông tin chính: màn hình AMOLED 6.5 inch 120Hz, RAM 8GB, bộ nhớ 128GB, camera 64MP, pin 5000mAh. Sản phẩm phù hợp với nhu cầu chụp ảnh, dùng mạng xã hội, xem phim và chơi game nhẹ.",TC-PH-004,False,answer
qa_0427,product_info,Bạn tư vấn giúp mình: điện thoại PixelOne A55 cấu hình thế nào?,"Điện thoại PixelOne A55 có thông tin chính: màn hình AMOLED 6.5 inch 120Hz, RAM 8GB, bộ nhớ 128GB, camera 64MP, pin 5000mAh. Sản phẩm phù hợp với nhu cầu chụp ảnh, dùng mạng xã hội, xem phim và chơi game nhẹ.",TC-PH-004,False,answer
qa_0428,product_info,"Shop ơi, điện thoại PixelOne A55 cấu hình thế nào?","Điện thoại PixelOne A55 có thông tin chính: màn hình AMOLED 6.5 inch 120Hz, RAM 8GB, bộ nhớ 128GB, camera 64MP, pin 5000mAh. Sản phẩm phù hợp với nhu cầu chụp ảnh, dùng mạng xã hội, xem phim và chơi game nhẹ.",TC-PH-004,False,answer
qa_0429,product_info,"Ad ơi, thông số chính của Điện thoại PixelOne A55 là gì?","Điện thoại PixelOne A55 có thông tin chính: màn hình AMOLED 6.5 inch 120Hz, RAM 8GB, bộ nhớ 128GB, camera 64MP, pin 5000mAh. Sản phẩm phù hợp với nhu cầu chụp ảnh, dùng mạng xã hội, xem phim và chơi game nhẹ.",TC-PH-004,False,answer
qa_0430,product_info,Cho mình hỏi thông số chính của Điện thoại PixelOne A55 là gì?,"Điện thoại PixelOne A55 có thông tin chính: màn hình AMOLED 6.5 inch 120Hz, RAM 8GB, bộ nhớ 128GB, camera 64MP, pin 5000mAh. Sản phẩm phù hợp với nhu cầu chụp ảnh, dùng mạng xã hội, xem phim và chơi game nhẹ.",TC-PH-004,False,answer
qa_0431,product_info,Mình cần biết thông số chính của Điện thoại PixelOne A55 là gì?,"Điện thoại PixelOne A55 có thông tin chính: màn hình AMOLED 6.5 inch 120Hz, RAM 8GB, bộ nhớ 128GB, camera 64MP, pin 5000mAh. Sản phẩm phù hợp với nhu cầu chụp ảnh, dùng mạng xã hội, xem phim và chơi game nhẹ.",TC-PH-004,False,answer
qa_0432,product_info,Bạn tư vấn giúp mình: thông số chính của Điện thoại PixelOne A55 là gì?,"Điện thoại PixelOne A55 có thông tin chính: màn hình AMOLED 6.5 inch 120Hz, RAM 8GB, bộ nhớ 128GB, camera 64MP, pin 5000mAh. Sản phẩm phù hợp với nhu cầu chụp ảnh, dùng mạng xã hội, xem phim và chơi game nhẹ.",TC-PH-004,False,answer
qa_0433,product_info,"Shop ơi, thông số chính của Điện thoại PixelOne A55 là gì?","Điện thoại PixelOne A55 có thông tin chính: màn hình AMOLED 6.5 inch 120Hz, RAM 8GB, bộ nhớ 128GB, camera 64MP, pin 5000mAh. Sản phẩm phù hợp với nhu cầu chụp ảnh, dùng mạng xã hội, xem phim và chơi game nhẹ.",TC-PH-004,False,answer
qa_0434,product_info,"Ad ơi, điện thoại PixelOne A55 có điểm gì nổi bật?","Điện thoại PixelOne A55 có thông tin chính: màn hình AMOLED 6.5 inch 120Hz, RAM 8GB, bộ nhớ 128GB, camera 64MP, pin 5000mAh. Sản phẩm phù hợp với nhu cầu chụp ảnh, dùng mạng xã hội, xem phim và chơi game nhẹ.",TC-PH-004,False,answer
qa_0435,product_info,Cho mình hỏi điện thoại PixelOne A55 có điểm gì nổi bật?,"Điện thoại PixelOne A55 có thông tin chính: màn hình AMOLED 6.5 inch 120Hz, RAM 8GB, bộ nhớ 128GB, camera 64MP, pin 5000mAh. Sản phẩm phù hợp với nhu cầu chụp ảnh, dùng mạng xã hội, xem phim và chơi game nhẹ.",TC-PH-004,False,answer
qa_0436,product_info,Mình cần biết điện thoại PixelOne A55 có điểm gì nổi bật?,"Điện thoại PixelOne A55 có thông tin chính: màn hình AMOLED 6.5 inch 120Hz, RAM 8GB, bộ nhớ 128GB, camera 64MP, pin 5000mAh. Sản phẩm phù hợp với nhu cầu chụp ảnh, dùng mạng xã hội, xem phim và chơi game nhẹ.",TC-PH-004,False,answer
qa_0437,product_info,Bạn tư vấn giúp mình: điện thoại PixelOne A55 có điểm gì nổi bật?,"Điện thoại PixelOne A55 có thông tin chính: màn hình AMOLED 6.5 inch 120Hz, RAM 8GB, bộ nhớ 128GB, camera 64MP, pin 5000mAh. Sản phẩm phù hợp với nhu cầu chụp ảnh, dùng mạng xã hội, xem phim và chơi game nhẹ.",TC-PH-004,False,answer
qa_0438,product_info,"Shop ơi, điện thoại PixelOne A55 có điểm gì nổi bật?","Điện thoại PixelOne A55 có thông tin chính: màn hình AMOLED 6.5 inch 120Hz, RAM 8GB, bộ nhớ 128GB, camera 64MP, pin 5000mAh. Sản phẩm phù hợp với nhu cầu chụp ảnh, dùng mạng xã hội, xem phim và chơi game nhẹ.",TC-PH-004,False,answer
qa_0439,product_info,"Ad ơi, mô tả nhanh giúp mình Điện thoại PixelOne A55","Điện thoại PixelOne A55 có thông tin chính: màn hình AMOLED 6.5 inch 120Hz, RAM 8GB, bộ nhớ 128GB, camera 64MP, pin 5000mAh. Sản phẩm phù hợp với nhu cầu chụp ảnh, dùng mạng xã hội, xem phim và chơi game nhẹ.",TC-PH-004,False,answer
qa_0440,product_info,Cho mình hỏi mô tả nhanh giúp mình Điện thoại PixelOne A55,"Điện thoại PixelOne A55 có thông tin chính: màn hình AMOLED 6.5 inch 120Hz, RAM 8GB, bộ nhớ 128GB, camera 64MP, pin 5000mAh. Sản phẩm phù hợp với nhu cầu chụp ảnh, dùng mạng xã hội, xem phim và chơi game nhẹ.",TC-PH-004,False,answer
qa_0441,product_info,Mình cần biết mô tả nhanh giúp mình Điện thoại PixelOne A55,"Điện thoại PixelOne A55 có thông tin chính: màn hình AMOLED 6.5 inch 120Hz, RAM 8GB, bộ nhớ 128GB, camera 64MP, pin 5000mAh. Sản phẩm phù hợp với nhu cầu chụp ảnh, dùng mạng xã hội, xem phim và chơi game nhẹ.",TC-PH-004,False,answer
qa_0442,product_info,Bạn tư vấn giúp mình: mô tả nhanh giúp mình Điện thoại PixelOne A55,"Điện thoại PixelOne A55 có thông tin chính: màn hình AMOLED 6.5 inch 120Hz, RAM 8GB, bộ nhớ 128GB, camera 64MP, pin 5000mAh. Sản phẩm phù hợp với nhu cầu chụp ảnh, dùng mạng xã hội, xem phim và chơi game nhẹ.",TC-PH-004,False,answer
qa_0443,product_info,"Shop ơi, mô tả nhanh giúp mình Điện thoại PixelOne A55","Điện thoại PixelOne A55 có thông tin chính: màn hình AMOLED 6.5 inch 120Hz, RAM 8GB, bộ nhớ 128GB, camera 64MP, pin 5000mAh. Sản phẩm phù hợp với nhu cầu chụp ảnh, dùng mạng xã hội, xem phim và chơi game nhẹ.",TC-PH-004,False,answer
qa_0444,product_info,"Ad ơi, điện thoại PixelOne A55 phù hợp với nhu cầu nào?","Điện thoại PixelOne A55 có thông tin chính: màn hình AMOLED 6.5 inch 120Hz, RAM 8GB, bộ nhớ 128GB, camera 64MP, pin 5000mAh. Sản phẩm phù hợp với nhu cầu chụp ảnh, dùng mạng xã hội, xem phim và chơi game nhẹ.",TC-PH-004,False,answer
qa_0445,product_info,Cho mình hỏi điện thoại PixelOne A55 phù hợp với nhu cầu nào?,"Điện thoại PixelOne A55 có thông tin chính: màn hình AMOLED 6.5 inch 120Hz, RAM 8GB, bộ nhớ 128GB, camera 64MP, pin 5000mAh. Sản phẩm phù hợp với nhu cầu chụp ảnh, dùng mạng xã hội, xem phim và chơi game nhẹ.",TC-PH-004,False,answer
qa_0446,product_info,Mình cần biết điện thoại PixelOne A55 phù hợp với nhu cầu nào?,"Điện thoại PixelOne A55 có thông tin chính: màn hình AMOLED 6.5 inch 120Hz, RAM 8GB, bộ nhớ 128GB, camera 64MP, pin 5000mAh. Sản phẩm phù hợp với nhu cầu chụp ảnh, dùng mạng xã hội, xem phim và chơi game nhẹ.",TC-PH-004,False,answer
qa_0447,product_info,Bạn tư vấn giúp mình: điện thoại PixelOne A55 phù hợp với nhu cầu nào?,"Điện thoại PixelOne A55 có thông tin chính: màn hình AMOLED 6.5 inch 120Hz, RAM 8GB, bộ nhớ 128GB, camera 64MP, pin 5000mAh. Sản phẩm phù hợp với nhu cầu chụp ảnh, dùng mạng xã hội, xem phim và chơi game nhẹ.",TC-PH-004,False,answer
qa_0448,product_info,"Shop ơi, điện thoại PixelOne A55 phù hợp với nhu cầu nào?","Điện thoại PixelOne A55 có thông tin chính: màn hình AMOLED 6.5 inch 120Hz, RAM 8GB, bộ nhớ 128GB, camera 64MP, pin 5000mAh. Sản phẩm phù hợp với nhu cầu chụp ảnh, dùng mạng xã hội, xem phim và chơi game nhẹ.",TC-PH-004,False,answer
qa_0449,product_warranty,"Ad ơi, điện thoại PixelOne A55 bảo hành bao lâu?","Điện thoại PixelOne A55 được bảo hành 12 tháng. Nếu cần bảo hành, bạn vui lòng cung cấp mã đơn hàng, số điện thoại mua hàng, mô tả lỗi và hình ảnh/video nếu có.","TC-PH-004, policy_warranty",False,answer
qa_0450,product_warranty,Cho mình hỏi điện thoại PixelOne A55 bảo hành bao lâu?,"Điện thoại PixelOne A55 được bảo hành 12 tháng. Nếu cần bảo hành, bạn vui lòng cung cấp mã đơn hàng, số điện thoại mua hàng, mô tả lỗi và hình ảnh/video nếu có.","TC-PH-004, policy_warranty",False,answer
qa_0451,product_warranty,Mình cần biết điện thoại PixelOne A55 bảo hành bao lâu?,"Điện thoại PixelOne A55 được bảo hành 12 tháng. Nếu cần bảo hành, bạn vui lòng cung cấp mã đơn hàng, số điện thoại mua hàng, mô tả lỗi và hình ảnh/video nếu có.","TC-PH-004, policy_warranty",False,answer
qa_0452,product_warranty,Bạn tư vấn giúp mình: điện thoại PixelOne A55 bảo hành bao lâu?,"Điện thoại PixelOne A55 được bảo hành 12 tháng. Nếu cần bảo hành, bạn vui lòng cung cấp mã đơn hàng, số điện thoại mua hàng, mô tả lỗi và hình ảnh/video nếu có.","TC-PH-004, policy_warranty",False,answer
qa_0453,product_warranty,"Shop ơi, điện thoại PixelOne A55 bảo hành bao lâu?","Điện thoại PixelOne A55 được bảo hành 12 tháng. Nếu cần bảo hành, bạn vui lòng cung cấp mã đơn hàng, số điện thoại mua hàng, mô tả lỗi và hình ảnh/video nếu có.","TC-PH-004, policy_warranty",False,answer
qa_0454,product_warranty,"Ad ơi, thời gian bảo hành của Điện thoại PixelOne A55 là mấy tháng?","Điện thoại PixelOne A55 được bảo hành 12 tháng. Nếu cần bảo hành, bạn vui lòng cung cấp mã đơn hàng, số điện thoại mua hàng, mô tả lỗi và hình ảnh/video nếu có.","TC-PH-004, policy_warranty",False,answer
qa_0455,product_warranty,Cho mình hỏi thời gian bảo hành của Điện thoại PixelOne A55 là mấy tháng?,"Điện thoại PixelOne A55 được bảo hành 12 tháng. Nếu cần bảo hành, bạn vui lòng cung cấp mã đơn hàng, số điện thoại mua hàng, mô tả lỗi và hình ảnh/video nếu có.","TC-PH-004, policy_warranty",False,answer
qa_0456,product_warranty,Mình cần biết thời gian bảo hành của Điện thoại PixelOne A55 là mấy tháng?,"Điện thoại PixelOne A55 được bảo hành 12 tháng. Nếu cần bảo hành, bạn vui lòng cung cấp mã đơn hàng, số điện thoại mua hàng, mô tả lỗi và hình ảnh/video nếu có.","TC-PH-004, policy_warranty",False,answer
qa_0457,product_warranty,Bạn tư vấn giúp mình: thời gian bảo hành của Điện thoại PixelOne A55 là mấy tháng?,"Điện thoại PixelOne A55 được bảo hành 12 tháng. Nếu cần bảo hành, bạn vui lòng cung cấp mã đơn hàng, số điện thoại mua hàng, mô tả lỗi và hình ảnh/video nếu có.","TC-PH-004, policy_warranty",False,answer
qa_0458,product_warranty,"Shop ơi, thời gian bảo hành của Điện thoại PixelOne A55 là mấy tháng?","Điện thoại PixelOne A55 được bảo hành 12 tháng. Nếu cần bảo hành, bạn vui lòng cung cấp mã đơn hàng, số điện thoại mua hàng, mô tả lỗi và hình ảnh/video nếu có.","TC-PH-004, policy_warranty",False,answer
qa_0459,product_warranty,"Ad ơi, mua Điện thoại PixelOne A55 thì được bảo hành như thế nào?","Điện thoại PixelOne A55 được bảo hành 12 tháng. Nếu cần bảo hành, bạn vui lòng cung cấp mã đơn hàng, số điện thoại mua hàng, mô tả lỗi và hình ảnh/video nếu có.","TC-PH-004, policy_warranty",False,answer
qa_0460,product_warranty,Cho mình hỏi mua Điện thoại PixelOne A55 thì được bảo hành như thế nào?,"Điện thoại PixelOne A55 được bảo hành 12 tháng. Nếu cần bảo hành, bạn vui lòng cung cấp mã đơn hàng, số điện thoại mua hàng, mô tả lỗi và hình ảnh/video nếu có.","TC-PH-004, policy_warranty",False,answer
qa_0461,product_warranty,Mình cần biết mua Điện thoại PixelOne A55 thì được bảo hành như thế nào?,"Điện thoại PixelOne A55 được bảo hành 12 tháng. Nếu cần bảo hành, bạn vui lòng cung cấp mã đơn hàng, số điện thoại mua hàng, mô tả lỗi và hình ảnh/video nếu có.","TC-PH-004, policy_warranty",False,answer
qa_0462,product_warranty,Bạn tư vấn giúp mình: mua Điện thoại PixelOne A55 thì được bảo hành như thế nào?,"Điện thoại PixelOne A55 được bảo hành 12 tháng. Nếu cần bảo hành, bạn vui lòng cung cấp mã đơn hàng, số điện thoại mua hàng, mô tả lỗi và hình ảnh/video nếu có.","TC-PH-004, policy_warranty",False,answer
qa_0463,product_warranty,"Shop ơi, mua Điện thoại PixelOne A55 thì được bảo hành như thế nào?","Điện thoại PixelOne A55 được bảo hành 12 tháng. Nếu cần bảo hành, bạn vui lòng cung cấp mã đơn hàng, số điện thoại mua hàng, mô tả lỗi và hình ảnh/video nếu có.","TC-PH-004, policy_warranty",False,answer
qa_0464,product_price,"Ad ơi, điện thoại PixelOne Pro X giá bao nhiêu?",Điện thoại PixelOne Pro X hiện có giá niêm yết 15.990.000 VND. Giá thực tế có thể thay đổi nếu áp dụng voucher hoặc chương trình khuyến mãi.,TC-PH-005,False,answer
qa_0465,product_price,Cho mình hỏi điện thoại PixelOne Pro X giá bao nhiêu?,Điện thoại PixelOne Pro X hiện có giá niêm yết 15.990.000 VND. Giá thực tế có thể thay đổi nếu áp dụng voucher hoặc chương trình khuyến mãi.,TC-PH-005,False,answer
qa_0466,product_price,Mình cần biết điện thoại PixelOne Pro X giá bao nhiêu?,Điện thoại PixelOne Pro X hiện có giá niêm yết 15.990.000 VND. Giá thực tế có thể thay đổi nếu áp dụng voucher hoặc chương trình khuyến mãi.,TC-PH-005,False,answer
qa_0467,product_price,Bạn tư vấn giúp mình: điện thoại PixelOne Pro X giá bao nhiêu?,Điện thoại PixelOne Pro X hiện có giá niêm yết 15.990.000 VND. Giá thực tế có thể thay đổi nếu áp dụng voucher hoặc chương trình khuyến mãi.,TC-PH-005,False,answer
qa_0468,product_price,"Shop ơi, điện thoại PixelOne Pro X giá bao nhiêu?",Điện thoại PixelOne Pro X hiện có giá niêm yết 15.990.000 VND. Giá thực tế có thể thay đổi nếu áp dụng voucher hoặc chương trình khuyến mãi.,TC-PH-005,False,answer
qa_0469,product_price,"Ad ơi, cho mình hỏi giá Điện thoại PixelOne Pro X với",Điện thoại PixelOne Pro X hiện có giá niêm yết 15.990.000 VND. Giá thực tế có thể thay đổi nếu áp dụng voucher hoặc chương trình khuyến mãi.,TC-PH-005,False,answer
qa_0470,product_price,Cho mình hỏi cho mình hỏi giá Điện thoại PixelOne Pro X với,Điện thoại PixelOne Pro X hiện có giá niêm yết 15.990.000 VND. Giá thực tế có thể thay đổi nếu áp dụng voucher hoặc chương trình khuyến mãi.,TC-PH-005,False,answer
qa_0471,product_price,Mình cần biết cho mình hỏi giá Điện thoại PixelOne Pro X với,Điện thoại PixelOne Pro X hiện có giá niêm yết 15.990.000 VND. Giá thực tế có thể thay đổi nếu áp dụng voucher hoặc chương trình khuyến mãi.,TC-PH-005,False,answer
qa_0472,product_price,Bạn tư vấn giúp mình: cho mình hỏi giá Điện thoại PixelOne Pro X với,Điện thoại PixelOne Pro X hiện có giá niêm yết 15.990.000 VND. Giá thực tế có thể thay đổi nếu áp dụng voucher hoặc chương trình khuyến mãi.,TC-PH-005,False,answer
qa_0473,product_price,"Shop ơi, cho mình hỏi giá Điện thoại PixelOne Pro X với",Điện thoại PixelOne Pro X hiện có giá niêm yết 15.990.000 VND. Giá thực tế có thể thay đổi nếu áp dụng voucher hoặc chương trình khuyến mãi.,TC-PH-005,False,answer
qa_0474,product_price,"Ad ơi, điện thoại PixelOne Pro X hiện đang bán giá nào?",Điện thoại PixelOne Pro X hiện có giá niêm yết 15.990.000 VND. Giá thực tế có thể thay đổi nếu áp dụng voucher hoặc chương trình khuyến mãi.,TC-PH-005,False,answer
qa_0475,product_price,Cho mình hỏi điện thoại PixelOne Pro X hiện đang bán giá nào?,Điện thoại PixelOne Pro X hiện có giá niêm yết 15.990.000 VND. Giá thực tế có thể thay đổi nếu áp dụng voucher hoặc chương trình khuyến mãi.,TC-PH-005,False,answer
qa_0476,product_price,Mình cần biết điện thoại PixelOne Pro X hiện đang bán giá nào?,Điện thoại PixelOne Pro X hiện có giá niêm yết 15.990.000 VND. Giá thực tế có thể thay đổi nếu áp dụng voucher hoặc chương trình khuyến mãi.,TC-PH-005,False,answer
qa_0477,product_price,Bạn tư vấn giúp mình: điện thoại PixelOne Pro X hiện đang bán giá nào?,Điện thoại PixelOne Pro X hiện có giá niêm yết 15.990.000 VND. Giá thực tế có thể thay đổi nếu áp dụng voucher hoặc chương trình khuyến mãi.,TC-PH-005,False,answer
qa_0478,product_price,"Shop ơi, điện thoại PixelOne Pro X hiện đang bán giá nào?",Điện thoại PixelOne Pro X hiện có giá niêm yết 15.990.000 VND. Giá thực tế có thể thay đổi nếu áp dụng voucher hoặc chương trình khuyến mãi.,TC-PH-005,False,answer
qa_0479,product_price,"Ad ơi, sản phẩm Điện thoại PixelOne Pro X bao nhiêu tiền?",Điện thoại PixelOne Pro X hiện có giá niêm yết 15.990.000 VND. Giá thực tế có thể thay đổi nếu áp dụng voucher hoặc chương trình khuyến mãi.,TC-PH-005,False,answer
qa_0480,product_price,Cho mình hỏi sản phẩm Điện thoại PixelOne Pro X bao nhiêu tiền?,Điện thoại PixelOne Pro X hiện có giá niêm yết 15.990.000 VND. Giá thực tế có thể thay đổi nếu áp dụng voucher hoặc chương trình khuyến mãi.,TC-PH-005,False,answer
qa_0481,product_price,Mình cần biết sản phẩm Điện thoại PixelOne Pro X bao nhiêu tiền?,Điện thoại PixelOne Pro X hiện có giá niêm yết 15.990.000 VND. Giá thực tế có thể thay đổi nếu áp dụng voucher hoặc chương trình khuyến mãi.,TC-PH-005,False,answer
qa_0482,product_price,Bạn tư vấn giúp mình: sản phẩm Điện thoại PixelOne Pro X bao nhiêu tiền?,Điện thoại PixelOne Pro X hiện có giá niêm yết 15.990.000 VND. Giá thực tế có thể thay đổi nếu áp dụng voucher hoặc chương trình khuyến mãi.,TC-PH-005,False,answer
qa_0483,product_price,"Shop ơi, sản phẩm Điện thoại PixelOne Pro X bao nhiêu tiền?",Điện thoại PixelOne Pro X hiện có giá niêm yết 15.990.000 VND. Giá thực tế có thể thay đổi nếu áp dụng voucher hoặc chương trình khuyến mãi.,TC-PH-005,False,answer
qa_0484,product_price,"Ad ơi, báo giá giúp mình Điện thoại PixelOne Pro X",Điện thoại PixelOne Pro X hiện có giá niêm yết 15.990.000 VND. Giá thực tế có thể thay đổi nếu áp dụng voucher hoặc chương trình khuyến mãi.,TC-PH-005,False,answer
qa_0485,product_price,Cho mình hỏi báo giá giúp mình Điện thoại PixelOne Pro X,Điện thoại PixelOne Pro X hiện có giá niêm yết 15.990.000 VND. Giá thực tế có thể thay đổi nếu áp dụng voucher hoặc chương trình khuyến mãi.,TC-PH-005,False,answer
qa_0486,product_price,Mình cần biết báo giá giúp mình Điện thoại PixelOne Pro X,Điện thoại PixelOne Pro X hiện có giá niêm yết 15.990.000 VND. Giá thực tế có thể thay đổi nếu áp dụng voucher hoặc chương trình khuyến mãi.,TC-PH-005,False,answer
qa_0487,product_price,Bạn tư vấn giúp mình: báo giá giúp mình Điện thoại PixelOne Pro X,Điện thoại PixelOne Pro X hiện có giá niêm yết 15.990.000 VND. Giá thực tế có thể thay đổi nếu áp dụng voucher hoặc chương trình khuyến mãi.,TC-PH-005,False,answer
qa_0488,product_price,"Shop ơi, báo giá giúp mình Điện thoại PixelOne Pro X",Điện thoại PixelOne Pro X hiện có giá niêm yết 15.990.000 VND. Giá thực tế có thể thay đổi nếu áp dụng voucher hoặc chương trình khuyến mãi.,TC-PH-005,False,answer
qa_0489,product_info,"Ad ơi, điện thoại PixelOne Pro X cấu hình thế nào?","Điện thoại PixelOne Pro X có thông tin chính: màn hình OLED 6.7 inch 120Hz, RAM 12GB, bộ nhớ 256GB, camera 108MP, tele 3x. Sản phẩm phù hợp với nhu cầu người cần camera tốt, hiệu năng cao, bộ nhớ lớn và dùng lâu dài.",TC-PH-005,False,answer
qa_0490,product_info,Cho mình hỏi điện thoại PixelOne Pro X cấu hình thế nào?,"Điện thoại PixelOne Pro X có thông tin chính: màn hình OLED 6.7 inch 120Hz, RAM 12GB, bộ nhớ 256GB, camera 108MP, tele 3x. Sản phẩm phù hợp với nhu cầu người cần camera tốt, hiệu năng cao, bộ nhớ lớn và dùng lâu dài.",TC-PH-005,False,answer
qa_0491,product_info,Mình cần biết điện thoại PixelOne Pro X cấu hình thế nào?,"Điện thoại PixelOne Pro X có thông tin chính: màn hình OLED 6.7 inch 120Hz, RAM 12GB, bộ nhớ 256GB, camera 108MP, tele 3x. Sản phẩm phù hợp với nhu cầu người cần camera tốt, hiệu năng cao, bộ nhớ lớn và dùng lâu dài.",TC-PH-005,False,answer
qa_0492,product_info,Bạn tư vấn giúp mình: điện thoại PixelOne Pro X cấu hình thế nào?,"Điện thoại PixelOne Pro X có thông tin chính: màn hình OLED 6.7 inch 120Hz, RAM 12GB, bộ nhớ 256GB, camera 108MP, tele 3x. Sản phẩm phù hợp với nhu cầu người cần camera tốt, hiệu năng cao, bộ nhớ lớn và dùng lâu dài.",TC-PH-005,False,answer
qa_0493,product_info,"Shop ơi, điện thoại PixelOne Pro X cấu hình thế nào?","Điện thoại PixelOne Pro X có thông tin chính: màn hình OLED 6.7 inch 120Hz, RAM 12GB, bộ nhớ 256GB, camera 108MP, tele 3x. Sản phẩm phù hợp với nhu cầu người cần camera tốt, hiệu năng cao, bộ nhớ lớn và dùng lâu dài.",TC-PH-005,False,answer
qa_0494,product_info,"Ad ơi, thông số chính của Điện thoại PixelOne Pro X là gì?","Điện thoại PixelOne Pro X có thông tin chính: màn hình OLED 6.7 inch 120Hz, RAM 12GB, bộ nhớ 256GB, camera 108MP, tele 3x. Sản phẩm phù hợp với nhu cầu người cần camera tốt, hiệu năng cao, bộ nhớ lớn và dùng lâu dài.",TC-PH-005,False,answer
qa_0495,product_info,Cho mình hỏi thông số chính của Điện thoại PixelOne Pro X là gì?,"Điện thoại PixelOne Pro X có thông tin chính: màn hình OLED 6.7 inch 120Hz, RAM 12GB, bộ nhớ 256GB, camera 108MP, tele 3x. Sản phẩm phù hợp với nhu cầu người cần camera tốt, hiệu năng cao, bộ nhớ lớn và dùng lâu dài.",TC-PH-005,False,answer
qa_0496,product_info,Mình cần biết thông số chính của Điện thoại PixelOne Pro X là gì?,"Điện thoại PixelOne Pro X có thông tin chính: màn hình OLED 6.7 inch 120Hz, RAM 12GB, bộ nhớ 256GB, camera 108MP, tele 3x. Sản phẩm phù hợp với nhu cầu người cần camera tốt, hiệu năng cao, bộ nhớ lớn và dùng lâu dài.",TC-PH-005,False,answer
qa_0497,product_info,Bạn tư vấn giúp mình: thông số chính của Điện thoại PixelOne Pro X là gì?,"Điện thoại PixelOne Pro X có thông tin chính: màn hình OLED 6.7 inch 120Hz, RAM 12GB, bộ nhớ 256GB, camera 108MP, tele 3x. Sản phẩm phù hợp với nhu cầu người cần camera tốt, hiệu năng cao, bộ nhớ lớn và dùng lâu dài.",TC-PH-005,False,answer
qa_0498,product_info,"Shop ơi, thông số chính của Điện thoại PixelOne Pro X là gì?","Điện thoại PixelOne Pro X có thông tin chính: màn hình OLED 6.7 inch 120Hz, RAM 12GB, bộ nhớ 256GB, camera 108MP, tele 3x. Sản phẩm phù hợp với nhu cầu người cần camera tốt, hiệu năng cao, bộ nhớ lớn và dùng lâu dài.",TC-PH-005,False,answer
qa_0499,product_info,"Ad ơi, điện thoại PixelOne Pro X có điểm gì nổi bật?","Điện thoại PixelOne Pro X có thông tin chính: màn hình OLED 6.7 inch 120Hz, RAM 12GB, bộ nhớ 256GB, camera 108MP, tele 3x. Sản phẩm phù hợp với nhu cầu người cần camera tốt, hiệu năng cao, bộ nhớ lớn và dùng lâu dài.",TC-PH-005,False,answer
qa_0500,product_info,Cho mình hỏi điện thoại PixelOne Pro X có điểm gì nổi bật?,"Điện thoại PixelOne Pro X có thông tin chính: màn hình OLED 6.7 inch 120Hz, RAM 12GB, bộ nhớ 256GB, camera 108MP, tele 3x. Sản phẩm phù hợp với nhu cầu người cần camera tốt, hiệu năng cao, bộ nhớ lớn và dùng lâu dài.",TC-PH-005,False,answer
qa_0501,product_info,Mình cần biết điện thoại PixelOne Pro X có điểm gì nổi bật?,"Điện thoại PixelOne Pro X có thông tin chính: màn hình OLED 6.7 inch 120Hz, RAM 12GB, bộ nhớ 256GB, camera 108MP, tele 3x. Sản phẩm phù hợp với nhu cầu người cần camera tốt, hiệu năng cao, bộ nhớ lớn và dùng lâu dài.",TC-PH-005,False,answer
qa_0502,product_info,Bạn tư vấn giúp mình: điện thoại PixelOne Pro X có điểm gì nổi bật?,"Điện thoại PixelOne Pro X có thông tin chính: màn hình OLED 6.7 inch 120Hz, RAM 12GB, bộ nhớ 256GB, camera 108MP, tele 3x. Sản phẩm phù hợp với nhu cầu người cần camera tốt, hiệu năng cao, bộ nhớ lớn và dùng lâu dài.",TC-PH-005,False,answer
qa_0503,product_info,"Shop ơi, điện thoại PixelOne Pro X có điểm gì nổi bật?","Điện thoại PixelOne Pro X có thông tin chính: màn hình OLED 6.7 inch 120Hz, RAM 12GB, bộ nhớ 256GB, camera 108MP, tele 3x. Sản phẩm phù hợp với nhu cầu người cần camera tốt, hiệu năng cao, bộ nhớ lớn và dùng lâu dài.",TC-PH-005,False,answer
qa_0504,product_info,"Ad ơi, mô tả nhanh giúp mình Điện thoại PixelOne Pro X","Điện thoại PixelOne Pro X có thông tin chính: màn hình OLED 6.7 inch 120Hz, RAM 12GB, bộ nhớ 256GB, camera 108MP, tele 3x. Sản phẩm phù hợp với nhu cầu người cần camera tốt, hiệu năng cao, bộ nhớ lớn và dùng lâu dài.",TC-PH-005,False,answer
qa_0505,product_info,Cho mình hỏi mô tả nhanh giúp mình Điện thoại PixelOne Pro X,"Điện thoại PixelOne Pro X có thông tin chính: màn hình OLED 6.7 inch 120Hz, RAM 12GB, bộ nhớ 256GB, camera 108MP, tele 3x. Sản phẩm phù hợp với nhu cầu người cần camera tốt, hiệu năng cao, bộ nhớ lớn và dùng lâu dài.",TC-PH-005,False,answer
qa_0506,product_info,Mình cần biết mô tả nhanh giúp mình Điện thoại PixelOne Pro X,"Điện thoại PixelOne Pro X có thông tin chính: màn hình OLED 6.7 inch 120Hz, RAM 12GB, bộ nhớ 256GB, camera 108MP, tele 3x. Sản phẩm phù hợp với nhu cầu người cần camera tốt, hiệu năng cao, bộ nhớ lớn và dùng lâu dài.",TC-PH-005,False,answer
qa_0507,product_info,Bạn tư vấn giúp mình: mô tả nhanh giúp mình Điện thoại PixelOne Pro X,"Điện thoại PixelOne Pro X có thông tin chính: màn hình OLED 6.7 inch 120Hz, RAM 12GB, bộ nhớ 256GB, camera 108MP, tele 3x. Sản phẩm phù hợp với nhu cầu người cần camera tốt, hiệu năng cao, bộ nhớ lớn và dùng lâu dài.",TC-PH-005,False,answer
qa_0508,product_info,"Shop ơi, mô tả nhanh giúp mình Điện thoại PixelOne Pro X","Điện thoại PixelOne Pro X có thông tin chính: màn hình OLED 6.7 inch 120Hz, RAM 12GB, bộ nhớ 256GB, camera 108MP, tele 3x. Sản phẩm phù hợp với nhu cầu người cần camera tốt, hiệu năng cao, bộ nhớ lớn và dùng lâu dài.",TC-PH-005,False,answer
qa_0509,product_info,"Ad ơi, điện thoại PixelOne Pro X phù hợp với nhu cầu nào?","Điện thoại PixelOne Pro X có thông tin chính: màn hình OLED 6.7 inch 120Hz, RAM 12GB, bộ nhớ 256GB, camera 108MP, tele 3x. Sản phẩm phù hợp với nhu cầu người cần camera tốt, hiệu năng cao, bộ nhớ lớn và dùng lâu dài.",TC-PH-005,False,answer
qa_0510,product_info,Cho mình hỏi điện thoại PixelOne Pro X phù hợp với nhu cầu nào?,"Điện thoại PixelOne Pro X có thông tin chính: màn hình OLED 6.7 inch 120Hz, RAM 12GB, bộ nhớ 256GB, camera 108MP, tele 3x. Sản phẩm phù hợp với nhu cầu người cần camera tốt, hiệu năng cao, bộ nhớ lớn và dùng lâu dài.",TC-PH-005,False,answer
qa_0511,product_info,Mình cần biết điện thoại PixelOne Pro X phù hợp với nhu cầu nào?,"Điện thoại PixelOne Pro X có thông tin chính: màn hình OLED 6.7 inch 120Hz, RAM 12GB, bộ nhớ 256GB, camera 108MP, tele 3x. Sản phẩm phù hợp với nhu cầu người cần camera tốt, hiệu năng cao, bộ nhớ lớn và dùng lâu dài.",TC-PH-005,False,answer
qa_0512,product_info,Bạn tư vấn giúp mình: điện thoại PixelOne Pro X phù hợp với nhu cầu nào?,"Điện thoại PixelOne Pro X có thông tin chính: màn hình OLED 6.7 inch 120Hz, RAM 12GB, bộ nhớ 256GB, camera 108MP, tele 3x. Sản phẩm phù hợp với nhu cầu người cần camera tốt, hiệu năng cao, bộ nhớ lớn và dùng lâu dài.",TC-PH-005,False,answer
qa_0513,product_info,"Shop ơi, điện thoại PixelOne Pro X phù hợp với nhu cầu nào?","Điện thoại PixelOne Pro X có thông tin chính: màn hình OLED 6.7 inch 120Hz, RAM 12GB, bộ nhớ 256GB, camera 108MP, tele 3x. Sản phẩm phù hợp với nhu cầu người cần camera tốt, hiệu năng cao, bộ nhớ lớn và dùng lâu dài.",TC-PH-005,False,answer
qa_0514,product_warranty,"Ad ơi, điện thoại PixelOne Pro X bảo hành bao lâu?","Điện thoại PixelOne Pro X được bảo hành 12 tháng. Nếu cần bảo hành, bạn vui lòng cung cấp mã đơn hàng, số điện thoại mua hàng, mô tả lỗi và hình ảnh/video nếu có.","TC-PH-005, policy_warranty",False,answer
qa_0515,product_warranty,Cho mình hỏi điện thoại PixelOne Pro X bảo hành bao lâu?,"Điện thoại PixelOne Pro X được bảo hành 12 tháng. Nếu cần bảo hành, bạn vui lòng cung cấp mã đơn hàng, số điện thoại mua hàng, mô tả lỗi và hình ảnh/video nếu có.","TC-PH-005, policy_warranty",False,answer
qa_0516,product_warranty,Mình cần biết điện thoại PixelOne Pro X bảo hành bao lâu?,"Điện thoại PixelOne Pro X được bảo hành 12 tháng. Nếu cần bảo hành, bạn vui lòng cung cấp mã đơn hàng, số điện thoại mua hàng, mô tả lỗi và hình ảnh/video nếu có.","TC-PH-005, policy_warranty",False,answer
qa_0517,product_warranty,Bạn tư vấn giúp mình: điện thoại PixelOne Pro X bảo hành bao lâu?,"Điện thoại PixelOne Pro X được bảo hành 12 tháng. Nếu cần bảo hành, bạn vui lòng cung cấp mã đơn hàng, số điện thoại mua hàng, mô tả lỗi và hình ảnh/video nếu có.","TC-PH-005, policy_warranty",False,answer
qa_0518,product_warranty,"Shop ơi, điện thoại PixelOne Pro X bảo hành bao lâu?","Điện thoại PixelOne Pro X được bảo hành 12 tháng. Nếu cần bảo hành, bạn vui lòng cung cấp mã đơn hàng, số điện thoại mua hàng, mô tả lỗi và hình ảnh/video nếu có.","TC-PH-005, policy_warranty",False,answer
qa_0519,product_warranty,"Ad ơi, thời gian bảo hành của Điện thoại PixelOne Pro X là mấy tháng?","Điện thoại PixelOne Pro X được bảo hành 12 tháng. Nếu cần bảo hành, bạn vui lòng cung cấp mã đơn hàng, số điện thoại mua hàng, mô tả lỗi và hình ảnh/video nếu có.","TC-PH-005, policy_warranty",False,answer
qa_0520,product_warranty,Cho mình hỏi thời gian bảo hành của Điện thoại PixelOne Pro X là mấy tháng?,"Điện thoại PixelOne Pro X được bảo hành 12 tháng. Nếu cần bảo hành, bạn vui lòng cung cấp mã đơn hàng, số điện thoại mua hàng, mô tả lỗi và hình ảnh/video nếu có.","TC-PH-005, policy_warranty",False,answer
qa_0521,product_warranty,Mình cần biết thời gian bảo hành của Điện thoại PixelOne Pro X là mấy tháng?,"Điện thoại PixelOne Pro X được bảo hành 12 tháng. Nếu cần bảo hành, bạn vui lòng cung cấp mã đơn hàng, số điện thoại mua hàng, mô tả lỗi và hình ảnh/video nếu có.","TC-PH-005, policy_warranty",False,answer
qa_0522,product_warranty,Bạn tư vấn giúp mình: thời gian bảo hành của Điện thoại PixelOne Pro X là mấy tháng?,"Điện thoại PixelOne Pro X được bảo hành 12 tháng. Nếu cần bảo hành, bạn vui lòng cung cấp mã đơn hàng, số điện thoại mua hàng, mô tả lỗi và hình ảnh/video nếu có.","TC-PH-005, policy_warranty",False,answer
qa_0523,product_warranty,"Shop ơi, thời gian bảo hành của Điện thoại PixelOne Pro X là mấy tháng?","Điện thoại PixelOne Pro X được bảo hành 12 tháng. Nếu cần bảo hành, bạn vui lòng cung cấp mã đơn hàng, số điện thoại mua hàng, mô tả lỗi và hình ảnh/video nếu có.","TC-PH-005, policy_warranty",False,answer
qa_0524,product_warranty,"Ad ơi, mua Điện thoại PixelOne Pro X thì được bảo hành như thế nào?","Điện thoại PixelOne Pro X được bảo hành 12 tháng. Nếu cần bảo hành, bạn vui lòng cung cấp mã đơn hàng, số điện thoại mua hàng, mô tả lỗi và hình ảnh/video nếu có.","TC-PH-005, policy_warranty",False,answer
qa_0525,product_warranty,Cho mình hỏi mua Điện thoại PixelOne Pro X thì được bảo hành như thế nào?,"Điện thoại PixelOne Pro X được bảo hành 12 tháng. Nếu cần bảo hành, bạn vui lòng cung cấp mã đơn hàng, số điện thoại mua hàng, mô tả lỗi và hình ảnh/video nếu có.","TC-PH-005, policy_warranty",False,answer
qa_0526,product_warranty,Mình cần biết mua Điện thoại PixelOne Pro X thì được bảo hành như thế nào?,"Điện thoại PixelOne Pro X được bảo hành 12 tháng. Nếu cần bảo hành, bạn vui lòng cung cấp mã đơn hàng, số điện thoại mua hàng, mô tả lỗi và hình ảnh/video nếu có.","TC-PH-005, policy_warranty",False,answer
qa_0527,product_warranty,Bạn tư vấn giúp mình: mua Điện thoại PixelOne Pro X thì được bảo hành như thế nào?,"Điện thoại PixelOne Pro X được bảo hành 12 tháng. Nếu cần bảo hành, bạn vui lòng cung cấp mã đơn hàng, số điện thoại mua hàng, mô tả lỗi và hình ảnh/video nếu có.","TC-PH-005, policy_warranty",False,answer
qa_0528,product_warranty,"Shop ơi, mua Điện thoại PixelOne Pro X thì được bảo hành như thế nào?","Điện thoại PixelOne Pro X được bảo hành 12 tháng. Nếu cần bảo hành, bạn vui lòng cung cấp mã đơn hàng, số điện thoại mua hàng, mô tả lỗi và hình ảnh/video nếu có.","TC-PH-005, policy_warranty",False,answer
qa_0529,product_price,"Ad ơi, máy tính bảng TabLearn 11 giá bao nhiêu?",Máy tính bảng TabLearn 11 hiện có giá niêm yết 8.490.000 VND. Giá thực tế có thể thay đổi nếu áp dụng voucher hoặc chương trình khuyến mãi.,TC-TB-006,False,answer
qa_0530,product_price,Cho mình hỏi máy tính bảng TabLearn 11 giá bao nhiêu?,Máy tính bảng TabLearn 11 hiện có giá niêm yết 8.490.000 VND. Giá thực tế có thể thay đổi nếu áp dụng voucher hoặc chương trình khuyến mãi.,TC-TB-006,False,answer
qa_0531,product_price,Mình cần biết máy tính bảng TabLearn 11 giá bao nhiêu?,Máy tính bảng TabLearn 11 hiện có giá niêm yết 8.490.000 VND. Giá thực tế có thể thay đổi nếu áp dụng voucher hoặc chương trình khuyến mãi.,TC-TB-006,False,answer
qa_0532,product_price,Bạn tư vấn giúp mình: máy tính bảng TabLearn 11 giá bao nhiêu?,Máy tính bảng TabLearn 11 hiện có giá niêm yết 8.490.000 VND. Giá thực tế có thể thay đổi nếu áp dụng voucher hoặc chương trình khuyến mãi.,TC-TB-006,False,answer
qa_0533,product_price,"Shop ơi, máy tính bảng TabLearn 11 giá bao nhiêu?",Máy tính bảng TabLearn 11 hiện có giá niêm yết 8.490.000 VND. Giá thực tế có thể thay đổi nếu áp dụng voucher hoặc chương trình khuyến mãi.,TC-TB-006,False,answer
qa_0534,product_price,"Ad ơi, cho mình hỏi giá Máy tính bảng TabLearn 11 với",Máy tính bảng TabLearn 11 hiện có giá niêm yết 8.490.000 VND. Giá thực tế có thể thay đổi nếu áp dụng voucher hoặc chương trình khuyến mãi.,TC-TB-006,False,answer
qa_0535,product_price,Cho mình hỏi cho mình hỏi giá Máy tính bảng TabLearn 11 với,Máy tính bảng TabLearn 11 hiện có giá niêm yết 8.490.000 VND. Giá thực tế có thể thay đổi nếu áp dụng voucher hoặc chương trình khuyến mãi.,TC-TB-006,False,answer
qa_0536,product_price,Mình cần biết cho mình hỏi giá Máy tính bảng TabLearn 11 với,Máy tính bảng TabLearn 11 hiện có giá niêm yết 8.490.000 VND. Giá thực tế có thể thay đổi nếu áp dụng voucher hoặc chương trình khuyến mãi.,TC-TB-006,False,answer
qa_0537,product_price,Bạn tư vấn giúp mình: cho mình hỏi giá Máy tính bảng TabLearn 11 với,Máy tính bảng TabLearn 11 hiện có giá niêm yết 8.490.000 VND. Giá thực tế có thể thay đổi nếu áp dụng voucher hoặc chương trình khuyến mãi.,TC-TB-006,False,answer
qa_0538,product_price,"Shop ơi, cho mình hỏi giá Máy tính bảng TabLearn 11 với",Máy tính bảng TabLearn 11 hiện có giá niêm yết 8.490.000 VND. Giá thực tế có thể thay đổi nếu áp dụng voucher hoặc chương trình khuyến mãi.,TC-TB-006,False,answer
qa_0539,product_price,"Ad ơi, máy tính bảng TabLearn 11 hiện đang bán giá nào?",Máy tính bảng TabLearn 11 hiện có giá niêm yết 8.490.000 VND. Giá thực tế có thể thay đổi nếu áp dụng voucher hoặc chương trình khuyến mãi.,TC-TB-006,False,answer
qa_0540,product_price,Cho mình hỏi máy tính bảng TabLearn 11 hiện đang bán giá nào?,Máy tính bảng TabLearn 11 hiện có giá niêm yết 8.490.000 VND. Giá thực tế có thể thay đổi nếu áp dụng voucher hoặc chương trình khuyến mãi.,TC-TB-006,False,answer
qa_0541,product_price,Mình cần biết máy tính bảng TabLearn 11 hiện đang bán giá nào?,Máy tính bảng TabLearn 11 hiện có giá niêm yết 8.490.000 VND. Giá thực tế có thể thay đổi nếu áp dụng voucher hoặc chương trình khuyến mãi.,TC-TB-006,False,answer
qa_0542,product_price,Bạn tư vấn giúp mình: máy tính bảng TabLearn 11 hiện đang bán giá nào?,Máy tính bảng TabLearn 11 hiện có giá niêm yết 8.490.000 VND. Giá thực tế có thể thay đổi nếu áp dụng voucher hoặc chương trình khuyến mãi.,TC-TB-006,False,answer
qa_0543,product_price,"Shop ơi, máy tính bảng TabLearn 11 hiện đang bán giá nào?",Máy tính bảng TabLearn 11 hiện có giá niêm yết 8.490.000 VND. Giá thực tế có thể thay đổi nếu áp dụng voucher hoặc chương trình khuyến mãi.,TC-TB-006,False,answer
qa_0544,product_price,"Ad ơi, sản phẩm Máy tính bảng TabLearn 11 bao nhiêu tiền?",Máy tính bảng TabLearn 11 hiện có giá niêm yết 8.490.000 VND. Giá thực tế có thể thay đổi nếu áp dụng voucher hoặc chương trình khuyến mãi.,TC-TB-006,False,answer
qa_0545,product_price,Cho mình hỏi sản phẩm Máy tính bảng TabLearn 11 bao nhiêu tiền?,Máy tính bảng TabLearn 11 hiện có giá niêm yết 8.490.000 VND. Giá thực tế có thể thay đổi nếu áp dụng voucher hoặc chương trình khuyến mãi.,TC-TB-006,False,answer
qa_0546,product_price,Mình cần biết sản phẩm Máy tính bảng TabLearn 11 bao nhiêu tiền?,Máy tính bảng TabLearn 11 hiện có giá niêm yết 8.490.000 VND. Giá thực tế có thể thay đổi nếu áp dụng voucher hoặc chương trình khuyến mãi.,TC-TB-006,False,answer
qa_0547,product_price,Bạn tư vấn giúp mình: sản phẩm Máy tính bảng TabLearn 11 bao nhiêu tiền?,Máy tính bảng TabLearn 11 hiện có giá niêm yết 8.490.000 VND. Giá thực tế có thể thay đổi nếu áp dụng voucher hoặc chương trình khuyến mãi.,TC-TB-006,False,answer
qa_0548,product_price,"Shop ơi, sản phẩm Máy tính bảng TabLearn 11 bao nhiêu tiền?",Máy tính bảng TabLearn 11 hiện có giá niêm yết 8.490.000 VND. Giá thực tế có thể thay đổi nếu áp dụng voucher hoặc chương trình khuyến mãi.,TC-TB-006,False,answer
qa_0549,product_price,"Ad ơi, báo giá giúp mình Máy tính bảng TabLearn 11",Máy tính bảng TabLearn 11 hiện có giá niêm yết 8.490.000 VND. Giá thực tế có thể thay đổi nếu áp dụng voucher hoặc chương trình khuyến mãi.,TC-TB-006,False,answer
qa_0550,product_price,Cho mình hỏi báo giá giúp mình Máy tính bảng TabLearn 11,Máy tính bảng TabLearn 11 hiện có giá niêm yết 8.490.000 VND. Giá thực tế có thể thay đổi nếu áp dụng voucher hoặc chương trình khuyến mãi.,TC-TB-006,False,answer
qa_0551,product_price,Mình cần biết báo giá giúp mình Máy tính bảng TabLearn 11,Máy tính bảng TabLearn 11 hiện có giá niêm yết 8.490.000 VND. Giá thực tế có thể thay đổi nếu áp dụng voucher hoặc chương trình khuyến mãi.,TC-TB-006,False,answer
qa_0552,product_price,Bạn tư vấn giúp mình: báo giá giúp mình Máy tính bảng TabLearn 11,Máy tính bảng TabLearn 11 hiện có giá niêm yết 8.490.000 VND. Giá thực tế có thể thay đổi nếu áp dụng voucher hoặc chương trình khuyến mãi.,TC-TB-006,False,answer
qa_0553,product_price,"Shop ơi, báo giá giúp mình Máy tính bảng TabLearn 11",Máy tính bảng TabLearn 11 hiện có giá niêm yết 8.490.000 VND. Giá thực tế có thể thay đổi nếu áp dụng voucher hoặc chương trình khuyến mãi.,TC-TB-006,False,answer
qa_0554,product_info,"Ad ơi, máy tính bảng TabLearn 11 cấu hình thế nào?","Máy tính bảng TabLearn 11 có thông tin chính: màn hình 11 inch 2K, RAM 8GB, bộ nhớ 128GB, hỗ trợ bút cảm ứng, pin 8000mAh. Sản phẩm phù hợp với nhu cầu ghi chú, học online, đọc tài liệu, xem video và làm việc nhẹ.",TC-TB-006,False,answer
qa_0555,product_info,Cho mình hỏi máy tính bảng TabLearn 11 cấu hình thế nào?,"Máy tính bảng TabLearn 11 có thông tin chính: màn hình 11 inch 2K, RAM 8GB, bộ nhớ 128GB, hỗ trợ bút cảm ứng, pin 8000mAh. Sản phẩm phù hợp với nhu cầu ghi chú, học online, đọc tài liệu, xem video và làm việc nhẹ.",TC-TB-006,False,answer
qa_0556,product_info,Mình cần biết máy tính bảng TabLearn 11 cấu hình thế nào?,"Máy tính bảng TabLearn 11 có thông tin chính: màn hình 11 inch 2K, RAM 8GB, bộ nhớ 128GB, hỗ trợ bút cảm ứng, pin 8000mAh. Sản phẩm phù hợp với nhu cầu ghi chú, học online, đọc tài liệu, xem video và làm việc nhẹ.",TC-TB-006,False,answer
qa_0557,product_info,Bạn tư vấn giúp mình: máy tính bảng TabLearn 11 cấu hình thế nào?,"Máy tính bảng TabLearn 11 có thông tin chính: màn hình 11 inch 2K, RAM 8GB, bộ nhớ 128GB, hỗ trợ bút cảm ứng, pin 8000mAh. Sản phẩm phù hợp với nhu cầu ghi chú, học online, đọc tài liệu, xem video và làm việc nhẹ.",TC-TB-006,False,answer
qa_0558,product_info,"Shop ơi, máy tính bảng TabLearn 11 cấu hình thế nào?","Máy tính bảng TabLearn 11 có thông tin chính: màn hình 11 inch 2K, RAM 8GB, bộ nhớ 128GB, hỗ trợ bút cảm ứng, pin 8000mAh. Sản phẩm phù hợp với nhu cầu ghi chú, học online, đọc tài liệu, xem video và làm việc nhẹ.",TC-TB-006,False,answer
qa_0559,product_info,"Ad ơi, thông số chính của Máy tính bảng TabLearn 11 là gì?","Máy tính bảng TabLearn 11 có thông tin chính: màn hình 11 inch 2K, RAM 8GB, bộ nhớ 128GB, hỗ trợ bút cảm ứng, pin 8000mAh. Sản phẩm phù hợp với nhu cầu ghi chú, học online, đọc tài liệu, xem video và làm việc nhẹ.",TC-TB-006,False,answer
qa_0560,product_info,Cho mình hỏi thông số chính của Máy tính bảng TabLearn 11 là gì?,"Máy tính bảng TabLearn 11 có thông tin chính: màn hình 11 inch 2K, RAM 8GB, bộ nhớ 128GB, hỗ trợ bút cảm ứng, pin 8000mAh. Sản phẩm phù hợp với nhu cầu ghi chú, học online, đọc tài liệu, xem video và làm việc nhẹ.",TC-TB-006,False,answer
qa_0561,product_info,Mình cần biết thông số chính của Máy tính bảng TabLearn 11 là gì?,"Máy tính bảng TabLearn 11 có thông tin chính: màn hình 11 inch 2K, RAM 8GB, bộ nhớ 128GB, hỗ trợ bút cảm ứng, pin 8000mAh. Sản phẩm phù hợp với nhu cầu ghi chú, học online, đọc tài liệu, xem video và làm việc nhẹ.",TC-TB-006,False,answer
qa_0562,product_info,Bạn tư vấn giúp mình: thông số chính của Máy tính bảng TabLearn 11 là gì?,"Máy tính bảng TabLearn 11 có thông tin chính: màn hình 11 inch 2K, RAM 8GB, bộ nhớ 128GB, hỗ trợ bút cảm ứng, pin 8000mAh. Sản phẩm phù hợp với nhu cầu ghi chú, học online, đọc tài liệu, xem video và làm việc nhẹ.",TC-TB-006,False,answer
qa_0563,product_info,"Shop ơi, thông số chính của Máy tính bảng TabLearn 11 là gì?","Máy tính bảng TabLearn 11 có thông tin chính: màn hình 11 inch 2K, RAM 8GB, bộ nhớ 128GB, hỗ trợ bút cảm ứng, pin 8000mAh. Sản phẩm phù hợp với nhu cầu ghi chú, học online, đọc tài liệu, xem video và làm việc nhẹ.",TC-TB-006,False,answer
qa_0564,product_info,"Ad ơi, máy tính bảng TabLearn 11 có điểm gì nổi bật?","Máy tính bảng TabLearn 11 có thông tin chính: màn hình 11 inch 2K, RAM 8GB, bộ nhớ 128GB, hỗ trợ bút cảm ứng, pin 8000mAh. Sản phẩm phù hợp với nhu cầu ghi chú, học online, đọc tài liệu, xem video và làm việc nhẹ.",TC-TB-006,False,answer
qa_0565,product_info,Cho mình hỏi máy tính bảng TabLearn 11 có điểm gì nổi bật?,"Máy tính bảng TabLearn 11 có thông tin chính: màn hình 11 inch 2K, RAM 8GB, bộ nhớ 128GB, hỗ trợ bút cảm ứng, pin 8000mAh. Sản phẩm phù hợp với nhu cầu ghi chú, học online, đọc tài liệu, xem video và làm việc nhẹ.",TC-TB-006,False,answer
qa_0566,product_info,Mình cần biết máy tính bảng TabLearn 11 có điểm gì nổi bật?,"Máy tính bảng TabLearn 11 có thông tin chính: màn hình 11 inch 2K, RAM 8GB, bộ nhớ 128GB, hỗ trợ bút cảm ứng, pin 8000mAh. Sản phẩm phù hợp với nhu cầu ghi chú, học online, đọc tài liệu, xem video và làm việc nhẹ.",TC-TB-006,False,answer
qa_0567,product_info,Bạn tư vấn giúp mình: máy tính bảng TabLearn 11 có điểm gì nổi bật?,"Máy tính bảng TabLearn 11 có thông tin chính: màn hình 11 inch 2K, RAM 8GB, bộ nhớ 128GB, hỗ trợ bút cảm ứng, pin 8000mAh. Sản phẩm phù hợp với nhu cầu ghi chú, học online, đọc tài liệu, xem video và làm việc nhẹ.",TC-TB-006,False,answer
qa_0568,product_info,"Shop ơi, máy tính bảng TabLearn 11 có điểm gì nổi bật?","Máy tính bảng TabLearn 11 có thông tin chính: màn hình 11 inch 2K, RAM 8GB, bộ nhớ 128GB, hỗ trợ bút cảm ứng, pin 8000mAh. Sản phẩm phù hợp với nhu cầu ghi chú, học online, đọc tài liệu, xem video và làm việc nhẹ.",TC-TB-006,False,answer
qa_0569,product_info,"Ad ơi, mô tả nhanh giúp mình Máy tính bảng TabLearn 11","Máy tính bảng TabLearn 11 có thông tin chính: màn hình 11 inch 2K, RAM 8GB, bộ nhớ 128GB, hỗ trợ bút cảm ứng, pin 8000mAh. Sản phẩm phù hợp với nhu cầu ghi chú, học online, đọc tài liệu, xem video và làm việc nhẹ.",TC-TB-006,False,answer
qa_0570,product_info,Cho mình hỏi mô tả nhanh giúp mình Máy tính bảng TabLearn 11,"Máy tính bảng TabLearn 11 có thông tin chính: màn hình 11 inch 2K, RAM 8GB, bộ nhớ 128GB, hỗ trợ bút cảm ứng, pin 8000mAh. Sản phẩm phù hợp với nhu cầu ghi chú, học online, đọc tài liệu, xem video và làm việc nhẹ.",TC-TB-006,False,answer
qa_0571,product_info,Mình cần biết mô tả nhanh giúp mình Máy tính bảng TabLearn 11,"Máy tính bảng TabLearn 11 có thông tin chính: màn hình 11 inch 2K, RAM 8GB, bộ nhớ 128GB, hỗ trợ bút cảm ứng, pin 8000mAh. Sản phẩm phù hợp với nhu cầu ghi chú, học online, đọc tài liệu, xem video và làm việc nhẹ.",TC-TB-006,False,answer
qa_0572,product_info,Bạn tư vấn giúp mình: mô tả nhanh giúp mình Máy tính bảng TabLearn 11,"Máy tính bảng TabLearn 11 có thông tin chính: màn hình 11 inch 2K, RAM 8GB, bộ nhớ 128GB, hỗ trợ bút cảm ứng, pin 8000mAh. Sản phẩm phù hợp với nhu cầu ghi chú, học online, đọc tài liệu, xem video và làm việc nhẹ.",TC-TB-006,False,answer
qa_0573,product_info,"Shop ơi, mô tả nhanh giúp mình Máy tính bảng TabLearn 11","Máy tính bảng TabLearn 11 có thông tin chính: màn hình 11 inch 2K, RAM 8GB, bộ nhớ 128GB, hỗ trợ bút cảm ứng, pin 8000mAh. Sản phẩm phù hợp với nhu cầu ghi chú, học online, đọc tài liệu, xem video và làm việc nhẹ.",TC-TB-006,False,answer
qa_0574,product_info,"Ad ơi, máy tính bảng TabLearn 11 phù hợp với nhu cầu nào?","Máy tính bảng TabLearn 11 có thông tin chính: màn hình 11 inch 2K, RAM 8GB, bộ nhớ 128GB, hỗ trợ bút cảm ứng, pin 8000mAh. Sản phẩm phù hợp với nhu cầu ghi chú, học online, đọc tài liệu, xem video và làm việc nhẹ.",TC-TB-006,False,answer
qa_0575,product_info,Cho mình hỏi máy tính bảng TabLearn 11 phù hợp với nhu cầu nào?,"Máy tính bảng TabLearn 11 có thông tin chính: màn hình 11 inch 2K, RAM 8GB, bộ nhớ 128GB, hỗ trợ bút cảm ứng, pin 8000mAh. Sản phẩm phù hợp với nhu cầu ghi chú, học online, đọc tài liệu, xem video và làm việc nhẹ.",TC-TB-006,False,answer
qa_0576,product_info,Mình cần biết máy tính bảng TabLearn 11 phù hợp với nhu cầu nào?,"Máy tính bảng TabLearn 11 có thông tin chính: màn hình 11 inch 2K, RAM 8GB, bộ nhớ 128GB, hỗ trợ bút cảm ứng, pin 8000mAh. Sản phẩm phù hợp với nhu cầu ghi chú, học online, đọc tài liệu, xem video và làm việc nhẹ.",TC-TB-006,False,answer
qa_0577,product_info,Bạn tư vấn giúp mình: máy tính bảng TabLearn 11 phù hợp với nhu cầu nào?,"Máy tính bảng TabLearn 11 có thông tin chính: màn hình 11 inch 2K, RAM 8GB, bộ nhớ 128GB, hỗ trợ bút cảm ứng, pin 8000mAh. Sản phẩm phù hợp với nhu cầu ghi chú, học online, đọc tài liệu, xem video và làm việc nhẹ.",TC-TB-006,False,answer
qa_0578,product_info,"Shop ơi, máy tính bảng TabLearn 11 phù hợp với nhu cầu nào?","Máy tính bảng TabLearn 11 có thông tin chính: màn hình 11 inch 2K, RAM 8GB, bộ nhớ 128GB, hỗ trợ bút cảm ứng, pin 8000mAh. Sản phẩm phù hợp với nhu cầu ghi chú, học online, đọc tài liệu, xem video và làm việc nhẹ.",TC-TB-006,False,answer
qa_0579,product_warranty,"Ad ơi, máy tính bảng TabLearn 11 bảo hành bao lâu?","Máy tính bảng TabLearn 11 được bảo hành 12 tháng. Nếu cần bảo hành, bạn vui lòng cung cấp mã đơn hàng, số điện thoại mua hàng, mô tả lỗi và hình ảnh/video nếu có.","TC-TB-006, policy_warranty",False,answer
qa_0580,product_warranty,Cho mình hỏi máy tính bảng TabLearn 11 bảo hành bao lâu?,"Máy tính bảng TabLearn 11 được bảo hành 12 tháng. Nếu cần bảo hành, bạn vui lòng cung cấp mã đơn hàng, số điện thoại mua hàng, mô tả lỗi và hình ảnh/video nếu có.","TC-TB-006, policy_warranty",False,answer
qa_0581,product_warranty,Mình cần biết máy tính bảng TabLearn 11 bảo hành bao lâu?,"Máy tính bảng TabLearn 11 được bảo hành 12 tháng. Nếu cần bảo hành, bạn vui lòng cung cấp mã đơn hàng, số điện thoại mua hàng, mô tả lỗi và hình ảnh/video nếu có.","TC-TB-006, policy_warranty",False,answer
qa_0582,product_warranty,Bạn tư vấn giúp mình: máy tính bảng TabLearn 11 bảo hành bao lâu?,"Máy tính bảng TabLearn 11 được bảo hành 12 tháng. Nếu cần bảo hành, bạn vui lòng cung cấp mã đơn hàng, số điện thoại mua hàng, mô tả lỗi và hình ảnh/video nếu có.","TC-TB-006, policy_warranty",False,answer
qa_0583,product_warranty,"Shop ơi, máy tính bảng TabLearn 11 bảo hành bao lâu?","Máy tính bảng TabLearn 11 được bảo hành 12 tháng. Nếu cần bảo hành, bạn vui lòng cung cấp mã đơn hàng, số điện thoại mua hàng, mô tả lỗi và hình ảnh/video nếu có.","TC-TB-006, policy_warranty",False,answer
qa_0584,product_warranty,"Ad ơi, thời gian bảo hành của Máy tính bảng TabLearn 11 là mấy tháng?","Máy tính bảng TabLearn 11 được bảo hành 12 tháng. Nếu cần bảo hành, bạn vui lòng cung cấp mã đơn hàng, số điện thoại mua hàng, mô tả lỗi và hình ảnh/video nếu có.","TC-TB-006, policy_warranty",False,answer
qa_0585,product_warranty,Cho mình hỏi thời gian bảo hành của Máy tính bảng TabLearn 11 là mấy tháng?,"Máy tính bảng TabLearn 11 được bảo hành 12 tháng. Nếu cần bảo hành, bạn vui lòng cung cấp mã đơn hàng, số điện thoại mua hàng, mô tả lỗi và hình ảnh/video nếu có.","TC-TB-006, policy_warranty",False,answer
qa_0586,product_warranty,Mình cần biết thời gian bảo hành của Máy tính bảng TabLearn 11 là mấy tháng?,"Máy tính bảng TabLearn 11 được bảo hành 12 tháng. Nếu cần bảo hành, bạn vui lòng cung cấp mã đơn hàng, số điện thoại mua hàng, mô tả lỗi và hình ảnh/video nếu có.","TC-TB-006, policy_warranty",False,answer
qa_0587,product_warranty,Bạn tư vấn giúp mình: thời gian bảo hành của Máy tính bảng TabLearn 11 là mấy tháng?,"Máy tính bảng TabLearn 11 được bảo hành 12 tháng. Nếu cần bảo hành, bạn vui lòng cung cấp mã đơn hàng, số điện thoại mua hàng, mô tả lỗi và hình ảnh/video nếu có.","TC-TB-006, policy_warranty",False,answer
qa_0588,product_warranty,"Shop ơi, thời gian bảo hành của Máy tính bảng TabLearn 11 là mấy tháng?","Máy tính bảng TabLearn 11 được bảo hành 12 tháng. Nếu cần bảo hành, bạn vui lòng cung cấp mã đơn hàng, số điện thoại mua hàng, mô tả lỗi và hình ảnh/video nếu có.","TC-TB-006, policy_warranty",False,answer
qa_0589,product_warranty,"Ad ơi, mua Máy tính bảng TabLearn 11 thì được bảo hành như thế nào?","Máy tính bảng TabLearn 11 được bảo hành 12 tháng. Nếu cần bảo hành, bạn vui lòng cung cấp mã đơn hàng, số điện thoại mua hàng, mô tả lỗi và hình ảnh/video nếu có.","TC-TB-006, policy_warranty",False,answer
qa_0590,product_warranty,Cho mình hỏi mua Máy tính bảng TabLearn 11 thì được bảo hành như thế nào?,"Máy tính bảng TabLearn 11 được bảo hành 12 tháng. Nếu cần bảo hành, bạn vui lòng cung cấp mã đơn hàng, số điện thoại mua hàng, mô tả lỗi và hình ảnh/video nếu có.","TC-TB-006, policy_warranty",False,answer
qa_0591,product_warranty,Mình cần biết mua Máy tính bảng TabLearn 11 thì được bảo hành như thế nào?,"Máy tính bảng TabLearn 11 được bảo hành 12 tháng. Nếu cần bảo hành, bạn vui lòng cung cấp mã đơn hàng, số điện thoại mua hàng, mô tả lỗi và hình ảnh/video nếu có.","TC-TB-006, policy_warranty",False,answer
qa_0592,product_warranty,Bạn tư vấn giúp mình: mua Máy tính bảng TabLearn 11 thì được bảo hành như thế nào?,"Máy tính bảng TabLearn 11 được bảo hành 12 tháng. Nếu cần bảo hành, bạn vui lòng cung cấp mã đơn hàng, số điện thoại mua hàng, mô tả lỗi và hình ảnh/video nếu có.","TC-TB-006, policy_warranty",False,answer
qa_0593,product_warranty,"Shop ơi, mua Máy tính bảng TabLearn 11 thì được bảo hành như thế nào?","Máy tính bảng TabLearn 11 được bảo hành 12 tháng. Nếu cần bảo hành, bạn vui lòng cung cấp mã đơn hàng, số điện thoại mua hàng, mô tả lỗi và hình ảnh/video nếu có.","TC-TB-006, policy_warranty",False,answer
qa_0594,product_price,"Ad ơi, tai nghe SonicBuds Pro giá bao nhiêu?",Tai nghe SonicBuds Pro hiện có giá niêm yết 1.990.000 VND. Giá thực tế có thể thay đổi nếu áp dụng voucher hoặc chương trình khuyến mãi.,TC-HP-007,False,answer
qa_0595,product_price,Cho mình hỏi tai nghe SonicBuds Pro giá bao nhiêu?,Tai nghe SonicBuds Pro hiện có giá niêm yết 1.990.000 VND. Giá thực tế có thể thay đổi nếu áp dụng voucher hoặc chương trình khuyến mãi.,TC-HP-007,False,answer
qa_0596,product_price,Mình cần biết tai nghe SonicBuds Pro giá bao nhiêu?,Tai nghe SonicBuds Pro hiện có giá niêm yết 1.990.000 VND. Giá thực tế có thể thay đổi nếu áp dụng voucher hoặc chương trình khuyến mãi.,TC-HP-007,False,answer
qa_0597,product_price,Bạn tư vấn giúp mình: tai nghe SonicBuds Pro giá bao nhiêu?,Tai nghe SonicBuds Pro hiện có giá niêm yết 1.990.000 VND. Giá thực tế có thể thay đổi nếu áp dụng voucher hoặc chương trình khuyến mãi.,TC-HP-007,False,answer
qa_0598,product_price,"Shop ơi, tai nghe SonicBuds Pro giá bao nhiêu?",Tai nghe SonicBuds Pro hiện có giá niêm yết 1.990.000 VND. Giá thực tế có thể thay đổi nếu áp dụng voucher hoặc chương trình khuyến mãi.,TC-HP-007,False,answer
qa_0599,product_price,"Ad ơi, cho mình hỏi giá Tai nghe SonicBuds Pro với",Tai nghe SonicBuds Pro hiện có giá niêm yết 1.990.000 VND. Giá thực tế có thể thay đổi nếu áp dụng voucher hoặc chương trình khuyến mãi.,TC-HP-007,False,answer
qa_0600,product_price,Cho mình hỏi cho mình hỏi giá Tai nghe SonicBuds Pro với,Tai nghe SonicBuds Pro hiện có giá niêm yết 1.990.000 VND. Giá thực tế có thể thay đổi nếu áp dụng voucher hoặc chương trình khuyến mãi.,TC-HP-007,False,answer
qa_0601,product_price,Mình cần biết cho mình hỏi giá Tai nghe SonicBuds Pro với,Tai nghe SonicBuds Pro hiện có giá niêm yết 1.990.000 VND. Giá thực tế có thể thay đổi nếu áp dụng voucher hoặc chương trình khuyến mãi.,TC-HP-007,False,answer
qa_0602,product_price,Bạn tư vấn giúp mình: cho mình hỏi giá Tai nghe SonicBuds Pro với,Tai nghe SonicBuds Pro hiện có giá niêm yết 1.990.000 VND. Giá thực tế có thể thay đổi nếu áp dụng voucher hoặc chương trình khuyến mãi.,TC-HP-007,False,answer
qa_0603,product_price,"Shop ơi, cho mình hỏi giá Tai nghe SonicBuds Pro với",Tai nghe SonicBuds Pro hiện có giá niêm yết 1.990.000 VND. Giá thực tế có thể thay đổi nếu áp dụng voucher hoặc chương trình khuyến mãi.,TC-HP-007,False,answer
qa_0604,product_price,"Ad ơi, tai nghe SonicBuds Pro hiện đang bán giá nào?",Tai nghe SonicBuds Pro hiện có giá niêm yết 1.990.000 VND. Giá thực tế có thể thay đổi nếu áp dụng voucher hoặc chương trình khuyến mãi.,TC-HP-007,False,answer
qa_0605,product_price,Cho mình hỏi tai nghe SonicBuds Pro hiện đang bán giá nào?,Tai nghe SonicBuds Pro hiện có giá niêm yết 1.990.000 VND. Giá thực tế có thể thay đổi nếu áp dụng voucher hoặc chương trình khuyến mãi.,TC-HP-007,False,answer
qa_0606,product_price,Mình cần biết tai nghe SonicBuds Pro hiện đang bán giá nào?,Tai nghe SonicBuds Pro hiện có giá niêm yết 1.990.000 VND. Giá thực tế có thể thay đổi nếu áp dụng voucher hoặc chương trình khuyến mãi.,TC-HP-007,False,answer
qa_0607,product_price,Bạn tư vấn giúp mình: tai nghe SonicBuds Pro hiện đang bán giá nào?,Tai nghe SonicBuds Pro hiện có giá niêm yết 1.990.000 VND. Giá thực tế có thể thay đổi nếu áp dụng voucher hoặc chương trình khuyến mãi.,TC-HP-007,False,answer
qa_0608,product_price,"Shop ơi, tai nghe SonicBuds Pro hiện đang bán giá nào?",Tai nghe SonicBuds Pro hiện có giá niêm yết 1.990.000 VND. Giá thực tế có thể thay đổi nếu áp dụng voucher hoặc chương trình khuyến mãi.,TC-HP-007,False,answer
qa_0609,product_price,"Ad ơi, sản phẩm Tai nghe SonicBuds Pro bao nhiêu tiền?",Tai nghe SonicBuds Pro hiện có giá niêm yết 1.990.000 VND. Giá thực tế có thể thay đổi nếu áp dụng voucher hoặc chương trình khuyến mãi.,TC-HP-007,False,answer
qa_0610,product_price,Cho mình hỏi sản phẩm Tai nghe SonicBuds Pro bao nhiêu tiền?,Tai nghe SonicBuds Pro hiện có giá niêm yết 1.990.000 VND. Giá thực tế có thể thay đổi nếu áp dụng voucher hoặc chương trình khuyến mãi.,TC-HP-007,False,answer
qa_0611,product_price,Mình cần biết sản phẩm Tai nghe SonicBuds Pro bao nhiêu tiền?,Tai nghe SonicBuds Pro hiện có giá niêm yết 1.990.000 VND. Giá thực tế có thể thay đổi nếu áp dụng voucher hoặc chương trình khuyến mãi.,TC-HP-007,False,answer
qa_0612,product_price,Bạn tư vấn giúp mình: sản phẩm Tai nghe SonicBuds Pro bao nhiêu tiền?,Tai nghe SonicBuds Pro hiện có giá niêm yết 1.990.000 VND. Giá thực tế có thể thay đổi nếu áp dụng voucher hoặc chương trình khuyến mãi.,TC-HP-007,False,answer
qa_0613,product_price,"Shop ơi, sản phẩm Tai nghe SonicBuds Pro bao nhiêu tiền?",Tai nghe SonicBuds Pro hiện có giá niêm yết 1.990.000 VND. Giá thực tế có thể thay đổi nếu áp dụng voucher hoặc chương trình khuyến mãi.,TC-HP-007,False,answer
qa_0614,product_price,"Ad ơi, báo giá giúp mình Tai nghe SonicBuds Pro",Tai nghe SonicBuds Pro hiện có giá niêm yết 1.990.000 VND. Giá thực tế có thể thay đổi nếu áp dụng voucher hoặc chương trình khuyến mãi.,TC-HP-007,False,answer
qa_0615,product_price,Cho mình hỏi báo giá giúp mình Tai nghe SonicBuds Pro,Tai nghe SonicBuds Pro hiện có giá niêm yết 1.990.000 VND. Giá thực tế có thể thay đổi nếu áp dụng voucher hoặc chương trình khuyến mãi.,TC-HP-007,False,answer
qa_0616,product_price,Mình cần biết báo giá giúp mình Tai nghe SonicBuds Pro,Tai nghe SonicBuds Pro hiện có giá niêm yết 1.990.000 VND. Giá thực tế có thể thay đổi nếu áp dụng voucher hoặc chương trình khuyến mãi.,TC-HP-007,False,answer
qa_0617,product_price,Bạn tư vấn giúp mình: báo giá giúp mình Tai nghe SonicBuds Pro,Tai nghe SonicBuds Pro hiện có giá niêm yết 1.990.000 VND. Giá thực tế có thể thay đổi nếu áp dụng voucher hoặc chương trình khuyến mãi.,TC-HP-007,False,answer
qa_0618,product_price,"Shop ơi, báo giá giúp mình Tai nghe SonicBuds Pro",Tai nghe SonicBuds Pro hiện có giá niêm yết 1.990.000 VND. Giá thực tế có thể thay đổi nếu áp dụng voucher hoặc chương trình khuyến mãi.,TC-HP-007,False,answer
qa_0619,product_info,"Ad ơi, tai nghe SonicBuds Pro cấu hình thế nào?","Tai nghe SonicBuds Pro có thông tin chính: true wireless, chống ồn chủ động ANC, xuyên âm, IPX4, pin 7 giờ và 28 giờ với hộp sạc. Sản phẩm phù hợp với nhu cầu học online, nghe nhạc, gọi điện và di chuyển ngoài đường.",TC-HP-007,False,answer
qa_0620,product_info,Cho mình hỏi tai nghe SonicBuds Pro cấu hình thế nào?,"Tai nghe SonicBuds Pro có thông tin chính: true wireless, chống ồn chủ động ANC, xuyên âm, IPX4, pin 7 giờ và 28 giờ với hộp sạc. Sản phẩm phù hợp với nhu cầu học online, nghe nhạc, gọi điện và di chuyển ngoài đường.",TC-HP-007,False,answer
